ANO;MES;DIA;HORA;TempAr
2009;1;1;0;26,5
2009;1;1;300;26
2009;1;1;600;25,5
2009;1;1;900;24,5
2009;1;1;1200;28
2009;1;1;1500;30
2009;1;1;1800;33,5
2009;1;1;2100;35
2009;1;2;0;26,5
2009;1;2;300;27
2009;1;2;600;25,5
2009;1;2;900;25
2009;1;2;1200;29,5
2009;1;2;1500;33,5
2009;1;2;1800;35
2009;1;2;2100;31,5
2009;1;3;0;26
2009;1;3;1500;30,5
2009;1;3;1800;27,5
2009;1;3;2100;22,5
2009;1;3;900;25
2009;1;3;600;25,5
2009;1;3;300;26,5
2009;1;3;1200;28
2009;1;4;2100;27,5
2009;1;4;1800;27
2009;1;4;1500;24,5
2009;1;4;0;22
2009;1;4;900;21,5
2009;1;4;600;22
2009;1;4;300;23
2009;1;4;1200;23,5
2009;1;4;2100;31,5
2009;1;5;1800;29,5
2009;1;5;1500;27
2009;1;5;0;23,5
2009;1;5;900;23,5
2009;1;5;600;22
2009;1;5;300;23,5
2009;1;5;1200;24,5
2009;1;5;2100;32,5
2009;1;6;1800;31,5
2009;1;6;1500;29,5
2009;1;6;0;22,5
2009;1;6;900;22,5
2009;1;6;600;20
2009;1;6;300;22
2009;1;6;1200;26,5
2009;1;6;2100;35,5
2009;1;7;1800;33
2009;1;7;1500;31
2009;1;7;0;23
2009;1;7;900;18,5
2009;1;7;600;22,5
2009;1;7;300;23,5
2009;1;7;1200;27,5
2009;1;7;2100;36
2009;1;7;1800;34
2009;1;8;1500;32,5
2009;1;8;0;25,5
2009;1;8;900;22
2009;1;8;600;23
2009;1;8;300;24,5
2009;1;8;1200;24,5
2009;1;8;2100;35,5
2009;1;8;1800;34,5
2009;1;9;1500;30,5
2009;1;9;0;24
2009;1;9;900;24
2009;1;9;600;25
2009;1;9;300;26,5
2009;1;9;1200;31
2009;1;9;2100;26
2009;1;9;1800;35,5
2009;1;9;1500;34
2009;1;10;0;26,5
2009;1;10;900;24
2009;1;10;600;25,5
2009;1;10;300;28
2009;1;10;1200;28
2009;1;10;2100;30,5
2009;1;10;1800;37
2009;1;10;1500;33,5
2009;1;11;0;26
2009;1;11;900;26
2009;1;11;600;24
2009;1;11;300;24,5
2009;1;11;1200;24,5
2009;1;11;2100;31
2009;1;11;1800;37,5
2009;1;11;1500;35,5
2009;1;12;0;32
2009;1;12;900;24
2009;1;12;600;24
2009;1;12;300;24,5
2009;1;12;1200;24
2009;1;12;2100;30,5
2009;1;12;1800;38
2009;1;12;1500;37,5
2009;1;12;0;34
2009;1;13;900;25
2009;1;13;600;27
2009;1;13;300;28
2009;1;13;1200;31
2009;1;13;2100;32
2009;1;13;1800;36
2009;1;13;1500;35
2009;1;13;0;35
2009;1;14;900;27
2009;1;14;600;24
2009;1;14;300;26,5
2009;1;14;1200;28
2009;1;14;2100;31
2009;1;14;1800;35
2009;1;14;1500;34,5
2009;1;14;0;0,5
2009;1;15;900;25,5
2009;1;15;600;27,5
2009;1;15;300;29,5
2009;1;15;1200;32
2009;1;15;2100;28,5
2009;1;15;1800;33,5
2009;1;15;1500;33,5
2009;1;15;0;30
2009;1;15;900;24
2009;1;16;600;24
2009;1;16;300;25
2009;1;16;1200;28
2009;1;16;2100;33,5
2009;1;16;1800;31
2009;1;16;1500;28
2009;1;16;0;28
2009;1;16;900;22,5
2009;1;17;600;22,5
2009;1;17;300;22,5
2009;1;17;1200;23
2009;1;17;2100;23
2009;1;17;1800;30
2009;1;17;1500;28
2009;1;17;0;23,5
2009;1;17;900;22,5
2009;1;17;600;22
2009;1;18;300;22,5
2009;1;18;1200;29
2009;1;18;2100;26
2009;1;18;1800;32
2009;1;18;1500;30
2009;1;18;0;23,5
2009;1;18;900;22,5
2009;1;18;600;22,5
2009;1;19;300;22,5
2009;1;19;1200;22,5
2009;1;19;2100;28,5
2009;1;19;1800;28,5
2009;1;19;1500;28,5
2009;1;19;0;22,5
2009;1;19;900;22
2009;1;19;600;22,5
2009;1;20;300;24
2009;1;20;1200;24
2009;1;20;2100;26,5
2009;1;20;1800;31,5
2009;1;20;1500;27
2009;1;20;0;21,5
2009;1;20;900;20,5
2009;1;20;600;21,5
2009;1;20;300;22,5
2009;1;21;1200;26,5
2009;1;21;2100;31,5
2009;1;21;1800;31,5
2009;1;21;1500;29,5
2009;1;21;0;29,5
2009;1;21;900;20
2009;1;21;600;20
2009;1;21;300;23
2009;1;22;1200;22,5
2009;1;22;2100;35
2009;1;22;1800;33
2009;1;22;1500;30,5
2009;1;22;0;24
2009;1;22;900;22
2009;1;22;600;24
2009;1;22;300;25
2009;1;22;1200;25
2009;1;23;2100;35,5
2009;1;23;1800;33,5
2009;1;23;1500;31
2009;1;23;0;24,5
2009;1;23;900;23,5
2009;1;23;600;24,5
2009;1;23;300;26,5
2009;1;23;1200;26,5
2009;1;24;2100;31
2009;1;24;1800;31
2009;1;24;1500;29,5
2009;1;24;0;25,5
2009;1;24;900;25,5
2009;1;24;600;25,5
2009;1;24;300;26,5
2009;1;24;1200;30
2009;1;25;2100;28
2009;1;25;1800;32
2009;1;25;1500;32
2009;1;25;0;25
2009;1;25;900;24,5
2009;1;25;600;25
2009;1;25;300;25,5
2009;1;25;1200;26,5
2009;1;25;2100;25,5
2009;1;26;1800;29,5
2009;1;26;1500;28
2009;1;26;0;24,5
2009;1;26;900;24
2009;1;26;600;24,5
2009;1;26;300;25
2009;1;26;1200;25,5
2009;1;26;2100;32
2009;1;27;1800;30
2009;1;27;1500;28,5
2009;1;27;0;23,5
2009;1;27;900;23
2009;1;27;600;23,5
2009;1;27;300;25
2009;1;27;1200;25
2009;1;27;2100;30
2009;1;28;1800;31,5
2009;1;28;1500;28,5
2009;1;28;0;24
2009;1;28;900;23,5
2009;1;28;600;24,5
2009;1;28;300;25,5
2009;1;28;1200;27
2009;1;28;2100;25,5
2009;1;28;1800;32,5
2009;1;29;1500;31
2009;1;29;0;24,5
2009;1;29;900;24
2009;1;29;600;24
2009;1;29;300;24,5
2009;1;29;1200;25
2009;1;29;2100;29,5
2009;1;29;1800;31
2009;1;30;1500;29
2009;1;30;0;24,5
2009;1;30;900;23,5
2009;1;30;600;25
2009;1;30;300;25,5
2009;1;30;1200;25,5
2009;2;30;2100;29,5
2009;2;30;1800;35
2009;2;30;1500;31,5
2009;2;31;0;26
2009;2;31;900;25
2009;2;31;600;25
2009;2;31;300;28
2009;2;31;1200;29,5
2009;2;31;2100;28,5
2009;2;31;1800;33,5
2009;2;31;1500;33,5
2009;2;32;0;24,5
2009;2;32;900;24
2009;2;32;600;24
2009;2;32;300;25
2009;2;32;1200;25,5
2009;2;32;2100;33
2009;2;32;1800;30
2009;2;32;1500;27,5
2009;2;33;0;27,5
2009;2;33;900;25
2009;2;33;600;24
2009;2;33;300;24
2009;2;33;1200;26
2009;2;33;2100;26,5
2009;2;33;1800;33,5
2009;2;33;1500;33,5
2009;2;33;0;24
2009;2;34;900;23,5
2009;2;34;600;23,5
2009;2;34;300;24,5
2009;2;34;1200;28,5
2009;2;34;2100;33
2009;2;34;1800;33,5
2009;2;34;1500;30
2009;2;34;0;24,5
2009;2;35;900;24
2009;2;35;600;24
2009;2;35;300;25
2009;2;35;1200;26,5
2009;2;35;2100;35
2009;2;35;1800;34,5
2009;2;35;1500;31
2009;2;35;0;26
2009;2;35;900;24,5
2009;2;36;600;24,5
2009;2;36;300;26,5
2009;2;36;1200;27,5
2009;2;36;2100;25,5
2009;2;36;1800;33,5
2009;2;36;1500;29
2009;2;36;0;22,5
2009;2;36;900;22
2009;2;37;600;24,5
2009;2;37;300;28
2009;2;37;1200;31
2009;2;37;2100;34,5
2009;2;37;1800;29
2009;2;37;1500;29
2009;2;37;0;23
2009;2;37;900;23
2009;2;38;600;24,5
2009;2;38;300;26,5
2009;2;38;1200;26,5
2009;2;38;2100;32
2009;2;38;1800;31
2009;2;38;1500;26,5
2009;2;38;0;23,5
2009;2;38;900;24
2009;2;38;600;24,5
2009;2;39;300;25
2009;2;39;1200;27
2009;2;39;2100;33
2009;2;39;1800;30,5
2009;2;39;1500;30,5
2009;2;39;0;26,5
2009;2;39;900;22,5
2009;2;39;600;22,5
2009;2;40;300;23
2009;2;40;1200;27,5
2009;2;40;2100;33,5
2009;2;40;1800;33
2009;2;40;1500;31,5
2009;2;40;0;26
2009;2;40;900;24
2009;2;40;600;24
2009;2;41;300;25
2009;2;41;1200;27,5
2009;2;41;2100;26
2009;2;41;1800;29,5
2009;2;41;1500;30
2009;2;41;0;24,5
2009;2;41;900;24,5
2009;2;41;600;24,5
2009;2;41;300;24,5
2009;2;42;1200;28,5
2009;2;42;2100;24,5
2009;2;42;1800;31,5
2009;2;42;1500;28,5
2009;2;42;0;24
2009;2;42;900;23,5
2009;2;42;600;23,5
2009;2;42;300;24,5
2009;2;43;1200;24
2009;2;43;2100;27,5
2009;2;43;1800;26,5
2009;2;43;1500;25,5
2009;2;43;0;23,5
2009;2;43;900;24
2009;2;43;600;24,5
2009;2;43;300;24
2009;2;43;1200;24,5
2009;2;44;2100;29
2009;2;44;1800;30
2009;2;44;1500;29
2009;2;44;0;24
2009;2;44;900;23
2009;2;44;600;24
2009;2;44;300;25
2009;2;44;1200;25,5
2009;2;45;2100;29
2009;2;45;1800;28
2009;2;45;1500;26
2009;2;45;0;23
2009;2;45;900;23
2009;2;45;600;24
2009;2;45;300;24
2009;2;45;1200;24,5
2009;2;46;2100;30,5
2009;2;46;1800;29
2009;2;46;1500;24,5
2009;2;46;0;23
2009;2;46;900;22,5
2009;2;46;600;22,5
2009;2;46;300;22
2009;2;46;1200;23
2009;2;46;2100;32,5
2009;2;47;1800;32,5
2009;2;47;1500;27
2009;2;47;0;23,5
2009;2;47;900;23,5
2009;2;47;600;23,5
2009;2;47;300;24
2009;2;47;1200;25
2009;2;47;2100;28
2009;2;48;1800;33,5
2009;2;48;1500;30,5
2009;2;48;0;23,5
2009;2;48;900;22,5
2009;2;48;600;22
2009;2;48;300;25
2009;2;48;1200;26
2009;2;48;2100;26,5
2009;2;49;1800;32,5
2009;2;49;1500;30
2009;2;49;0;24
2009;2;49;900;22
2009;2;49;600;23
2009;2;49;300;23
2009;2;49;1200;25
2009;2;49;2100;31
2009;2;49;1800;32
2009;2;50;1500;30
2009;2;50;0;23,5
2009;2;50;900;23,5
2009;2;50;600;22,5
2009;2;50;300;23,5
2009;2;50;1200;24,5
2009;2;50;2100;31,5
2009;2;50;1800;31,5
2009;2;51;1500;28
2009;2;51;0;24,5
2009;2;51;900;23
2009;2;51;600;24
2009;2;51;300;24,5
2009;2;51;1200;26
2009;2;51;2100;35
2009;2;51;1800;34
2009;2;51;1500;28,5
2009;2;52;0;25
2009;2;52;900;25
2009;2;52;600;25
2009;2;52;300;25,5
2009;2;52;1200;27
2009;2;52;2100;31,5
2009;2;52;1800;29
2009;2;52;1500;23
2009;2;53;0;21
2009;2;53;900;20,5
2009;2;53;600;25,5
2009;2;53;300;26
2009;2;53;1200;26
2009;2;53;2100;32,5
2009;2;53;1800;29
2009;2;53;1500;26
2009;2;54;0;22,5
2009;2;54;900;22
2009;2;54;600;21,5
2009;2;54;300;26
2009;2;54;1200;27,5
2009;2;54;2100;24
2009;2;54;1800;32,5
2009;2;54;1500;29,5
2009;2;54;0;25,5
2009;2;55;900;24
2009;2;55;600;24,5
2009;2;55;300;25
2009;2;55;1200;25
2009;2;55;2100;34
2009;2;55;1800;30,5
2009;2;55;1500;27,5
2009;2;55;0;22
2009;2;56;900;22
2009;2;56;600;23
2009;2;56;300;23,5
2009;2;56;1200;23,5
2009;2;56;2100;28
2009;2;56;1800;33,5
2009;2;56;1500;29,5
2009;2;56;0;23,5
2009;2;56;900;23
2009;2;57;600;24
2009;2;57;300;27,5
2009;2;57;1200;28
2009;3;57;2100;32
2009;3;57;1800;34,5
2009;3;57;1500;31,5
2009;3;57;0;24,5
2009;3;57;900;23
2009;3;58;600;23,5
2009;3;58;300;23
2009;3;58;1200;24
2009;3;58;2100;33
2009;3;58;1800;34,5
2009;3;58;1500;31,5
2009;3;58;0;25
2009;3;58;900;25
2009;3;59;600;25
2009;3;59;300;27
2009;3;59;1200;29,5
2009;3;59;2100;24
2009;3;59;1800;35,5
2009;3;59;1500;32
2009;3;59;0;26
2009;3;59;900;24,5
2009;3;59;600;26
2009;3;60;300;26
2009;3;60;1200;28
2009;3;60;2100;36
2009;3;60;1800;35,5
2009;3;60;1500;32
2009;3;60;0;26
2009;3;60;900;25
2009;3;60;600;25
2009;3;61;300;26
2009;3;61;1200;26
2009;3;61;2100;26,5
2009;3;61;1800;35
2009;3;61;1500;31,5
2009;3;61;0;27
2009;3;61;900;25,5
2009;3;61;600;25,5
2009;3;62;300;27,5
2009;3;62;1200;29,5
2009;3;62;2100;26,5
2009;3;62;1800;34,5
2009;3;62;1500;31,5
2009;3;62;0;25,5
2009;3;62;900;23
2009;3;62;600;23,5
2009;3;62;300;24
2009;3;63;1200;25
2009;3;63;2100;27,5
2009;3;63;1800;33
2009;3;63;1500;29,5
2009;3;63;0;24
2009;3;63;900;24
2009;3;63;600;24,5
2009;3;63;300;25,5
2009;3;64;1200;25,5
2009;3;64;2100;29,5
2009;3;64;1800;33,5
2009;3;64;1500;30,5
2009;3;64;0;24
2009;3;64;900;23,5
2009;3;64;600;23,5
2009;3;64;300;24
2009;3;64;1200;25,5
2009;3;65;2100;34
2009;3;65;1800;32
2009;3;65;1500;28,5
2009;3;65;0;24
2009;3;65;900;24,5
2009;3;65;600;24
2009;3;65;300;24
2009;3;65;1200;25
2009;3;66;2100;28,5
2009;3;66;1800;32
2009;3;66;1500;29
2009;3;66;0;23
2009;3;66;900;23,5
2009;3;66;600;23,5
2009;3;66;300;23
2009;3;66;1200;25
2009;3;67;2100;31,5
2009;3;67;1800;30,5
2009;3;67;1500;25
2009;3;67;0;22,5
2009;3;67;900;22
2009;3;67;600;23,5
2009;3;67;300;23,5
2009;3;67;1200;25
2009;3;67;2100;27,5
2009;3;68;1800;30,5
2009;3;68;1500;30
2009;3;68;0;24,5
2009;3;68;900;24
2009;3;68;600;24,5
2009;3;68;300;25
2009;3;68;1200;25
2009;3;68;2100;22
2009;3;69;1800;29,5
2009;3;69;1500;27,5
2009;3;69;0;23
2009;3;69;900;22,5
2009;3;69;600;23
2009;3;69;300;23
2009;3;69;1200;24,5
2009;3;69;2100;33
2009;3;69;1800;31,5
2009;3;70;1500;26,5
2009;3;70;0;22,5
2009;3;70;900;22
2009;3;70;600;22
2009;3;70;300;22
2009;3;70;1200;22
2009;3;70;2100;28,5
2009;3;70;1800;28,5
2009;3;71;1500;26
2009;3;71;0;23,5
2009;3;71;900;23,5
2009;3;71;600;23
2009;3;71;300;24,5
2009;3;71;1200;24,5
2009;3;71;2100;26
2009;3;71;1800;26
2009;3;72;1500;28,5
2009;3;72;0;22,5
2009;3;72;900;22
2009;3;72;600;23
2009;3;72;300;23
2009;3;72;1200;25,5
2009;3;72;2100;28
2009;3;72;1800;28
2009;3;72;1500;25,5
2009;3;73;0;23
2009;3;73;900;22,5
2009;3;73;600;22,5
2009;3;73;300;23
2009;3;73;1200;23
2009;3;73;2100;34
2009;3;73;1800;31,5
2009;3;73;1500;29,5
2009;3;74;0;23,5
2009;3;74;900;23
2009;3;74;600;23
2009;3;74;300;24
2009;3;74;1200;24,5
2009;3;74;2100;34
2009;3;74;1800;32
2009;3;74;1500;29,5
2009;3;75;0;23,5
2009;3;75;900;23
2009;3;75;600;24
2009;3;75;300;25
2009;3;75;1200;27
2009;3;75;2100;29,5
2009;3;75;1800;34
2009;3;75;1500;30
2009;3;75;0;25
2009;3;76;900;24,5
2009;3;76;600;25
2009;3;76;300;26
2009;3;76;1200;26,5
2009;3;76;2100;29,5
2009;3;76;1800;31,5
2009;3;76;1500;28,5
2009;3;76;0;24,5
2009;3;77;900;23,5
2009;3;77;600;24,5
2009;3;77;300;24
2009;3;77;1200;25
2009;3;77;2100;31
2009;3;77;1800;33,5
2009;3;77;1500;30,5
2009;3;77;0;23
2009;3;77;900;22,5
2009;3;78;600;23,5
2009;3;78;300;24,5
2009;3;78;1200;25
2009;3;78;2100;24
2009;3;78;1800;28,5
2009;3;78;1500;31
2009;3;78;0;23,5
2009;3;78;900;23
2009;3;79;600;24
2009;3;79;300;25
2009;3;79;1200;27
2009;3;79;2100;29
2009;3;79;1800;30,5
2009;3;79;1500;28,5
2009;3;79;0;24
2009;3;79;900;23,5
2009;3;80;600;24
2009;3;80;300;24
2009;3;80;1200;24,5
2009;3;80;2100;28
2009;3;80;1800;32
2009;3;80;1500;29
2009;3;80;0;23,5
2009;3;80;900;23,5
2009;3;80;600;24
2009;3;81;300;24,5
2009;3;81;1200;26,5
2009;3;81;2100;25
2009;3;81;1800;28,5
2009;3;81;1500;27,5
2009;3;81;0;23,5
2009;3;81;900;23
2009;3;81;600;23,5
2009;3;82;300;25
2009;3;82;1200;25
2009;3;82;2100;26,5
2009;3;82;1800;31,5
2009;3;82;1500;28,5
2009;3;82;0;22,5
2009;3;82;900;23,5
2009;3;82;600;24
2009;3;83;300;23,5
2009;3;83;1200;23,5
2009;3;83;2100;26
2009;3;83;1800;26
2009;3;83;1500;27,5
2009;3;83;0;23,5
2009;3;83;900;22,5
2009;3;83;600;22,5
2009;3;83;300;22,5
2009;3;84;1200;23,5
2009;3;84;2100;30
2009;3;84;1800;30,5
2009;3;84;1500;28
2009;3;84;0;23,5
2009;3;84;900;23
2009;3;84;600;23
2009;3;84;300;24
2009;3;85;1200;25
2009;3;85;2100;26
2009;3;85;1800;30,5
2009;3;85;1500;28,5
2009;3;85;0;24
2009;3;85;900;24
2009;3;85;600;24,5
2009;3;85;300;24,5
2009;3;85;1200;25,5
2009;3;86;2100;32
2009;3;86;1800;32
2009;3;86;1500;32
2009;3;86;0;22,5
2009;3;86;900;22
2009;3;86;600;22
2009;3;86;300;22,5
2009;3;86;1200;22,5
2009;4;87;2100;26,5
2009;4;87;1800;32
2009;4;87;1500;28,5
2009;4;87;0;25,5
2009;4;87;900;23,5
2009;4;87;600;24,5
2009;4;87;300;25
2009;4;87;1200;26
2009;4;88;2100;32
2009;4;88;1800;31,5
2009;4;88;1500;29,5
2009;4;88;0;23,5
2009;4;88;900;23,5
2009;4;88;600;24,5
2009;4;88;300;24,5
2009;4;88;1200;25,5
2009;4;88;2100;28
2009;4;89;1800;26
2009;4;89;1500;28
2009;4;89;0;23,5
2009;4;89;900;23
2009;4;89;600;23
2009;4;89;300;24
2009;4;89;1200;24,5
2009;4;89;2100;33
2009;4;90;1800;30,5
2009;4;90;1500;29
2009;4;90;0;23
2009;4;90;900;23,5
2009;4;90;600;24
2009;4;90;300;23,5
2009;4;90;1200;24,5
2009;4;90;2100;25,5
2009;4;90;1800;26,5
2009;4;91;1500;29
2009;4;91;0;24
2009;4;91;900;23,5
2009;4;91;600;24
2009;4;91;300;25,5
2009;4;91;1200;27
2009;4;91;2100;32,5
2009;4;91;1800;31,5
2009;4;92;1500;29
2009;4;92;0;22,5
2009;4;92;900;22,5
2009;4;92;600;23
2009;4;92;300;23
2009;4;92;1200;23,5
2009;4;92;2100;31,5
2009;4;92;1800;28,5
2009;4;93;1500;30
2009;4;93;0;24
2009;4;93;900;24
2009;4;93;600;24,5
2009;4;93;300;24,5
2009;4;93;1200;26
2009;4;93;2100;31
2009;4;93;1800;30
2009;4;93;1500;27,5
2009;4;94;0;23
2009;4;94;900;23
2009;4;94;600;23
2009;4;94;300;23,5
2009;4;94;1200;24
2009;4;94;2100;31
2009;4;94;1800;31
2009;4;94;1500;28,5
2009;4;95;0;23
2009;4;95;900;23
2009;4;95;600;24
2009;4;95;300;31
2009;4;95;1200;30
2009;4;95;2100;32
2009;4;95;1800;32,5
2009;4;95;1500;29,5
2009;4;96;0;22,5
2009;4;96;900;22
2009;4;96;600;22,5
2009;4;96;300;23,5
2009;4;96;1200;25,5
2009;4;96;2100;31
2009;4;96;1800;34,5
2009;4;96;1500;29,5
2009;4;96;0;23
2009;4;97;900;22,5
2009;4;97;600;24
2009;4;97;300;24
2009;4;97;1200;26
2009;4;97;2100;26,5
2009;4;97;1800;32,5
2009;4;97;1500;30,5
2009;4;97;0;23,5
2009;4;98;900;23,5
2009;4;98;600;24,5
2009;4;98;300;26
2009;4;98;1200;27,5
2009;4;98;2100;25
2009;4;98;1800;28
2009;4;98;1500;29,5
2009;4;98;0;23,5
2009;4;98;900;23
2009;4;99;600;24
2009;4;99;300;24,5
2009;4;99;1200;26
2009;4;99;2100;27,5
2009;4;99;1800;25
2009;4;99;1500;29,5
2009;4;99;0;23,5
2009;4;99;900;23
2009;4;100;600;23,5
2009;4;100;300;23,5
2009;4;100;1200;23,5
2009;4;100;2100;32
2009;4;100;1800;30
2009;4;100;1500;30
2009;4;100;0;21,5
2009;4;100;900;21
2009;4;101;600;21
2009;4;101;300;22,5
2009;4;101;1200;22
2009;4;101;2100;29
2009;4;101;1800;33,5
2009;4;101;1500;30,5
2009;4;101;0;23
2009;4;101;900;22,5
2009;4;101;600;23,5
2009;4;102;300;24,5
2009;4;102;1200;27,5
2009;4;102;2100;34
2009;4;102;1800;34
2009;4;102;1500;30,5
2009;4;102;0;22
2009;4;102;900;22
2009;4;102;600;22,5
2009;4;103;300;23
2009;4;103;1200;24
2009;4;103;2100;36
2009;4;103;1800;36
2009;4;103;1500;31
2009;4;103;0;23,5
2009;4;103;900;23,5
2009;4;103;600;23
2009;4;103;300;26,5
2009;4;104;1200;28,5
2009;4;104;2100;34,5
2009;4;104;1800;34,5
2009;4;104;1500;30,5
2009;4;104;0;22,5
2009;4;104;900;22,5
2009;4;104;600;24
2009;4;104;300;24,5
2009;4;105;1200;26
2009;4;105;2100;33,5
2009;4;105;1800;34
2009;4;105;1500;30
2009;4;105;0;23
2009;4;105;900;23
2009;4;105;600;23,5
2009;4;105;300;24,5
2009;4;106;1200;26
2009;4;106;2100;32
2009;4;106;1800;32
2009;4;106;1500;29
2009;4;106;0;24
2009;4;106;900;24
2009;4;106;600;24
2009;4;106;300;24,5
2009;4;106;1200;24,5
2009;4;107;2100;32
2009;4;107;1800;31,5
2009;4;107;1500;29,5
2009;4;107;0;22
2009;4;107;900;21,5
2009;4;107;600;22,5
2009;4;107;300;23
2009;4;107;1200;26,5
2009;4;108;2100;34
2009;4;108;1800;33
2009;4;108;1500;30
2009;4;108;0;21
2009;4;108;900;21,5
2009;4;108;600;21,5
2009;4;108;300;24,5
2009;4;108;1200;25
2009;4;109;2100;31
2009;4;109;1800;31
2009;4;109;1500;30
2009;4;109;0;22,5
2009;4;109;900;23
2009;4;109;600;23,5
2009;4;109;300;23,5
2009;4;109;1200;25
2009;4;109;2100;31,5
2009;4;110;1800;31,5
2009;4;110;1500;26
2009;4;110;0;23,5
2009;4;110;900;22,5
2009;4;110;600;22
2009;4;110;300;24
2009;4;110;1200;25,5
2009;4;110;2100;31,5
2009;4;111;1800;31,5
2009;4;111;1500;31,5
2009;4;111;0;28
2009;4;111;900;23
2009;4;111;600;22,5
2009;4;111;300;23
2009;4;111;1200;25
2009;4;111;2100;33,5
2009;4;111;1800;31
2009;4;112;1500;27,5
2009;4;112;0;22
2009;4;112;900;22,5
2009;4;112;600;23,5
2009;4;112;300;23,5
2009;4;112;1200;24,5
2009;4;112;0;21,5
2009;4;112;900;21
2009;4;113;600;23
2009;4;113;300;24
2009;4;113;1200;25,5
2009;4;113;2100;31,5
2009;4;113;1800;33,5
2009;4;113;2100;32,5
2009;4;113;1800;33
2009;4;113;1500;29
2009;4;114;0;19
2009;4;114;900;
2009;4;114;600;20,5
2009;4;114;300;20,5
2009;4;114;1200;25
2009;5;114;2100;32
2009;5;114;1800;32
2009;5;114;1500;29,5
2009;5;114;0;19,5
2009;5;115;900;20
2009;5;115;600;21
2009;5;115;300;23,5
2009;5;115;1200;26
2009;5;115;2100;33
2009;5;115;1800;32,5
2009;5;115;1500;28,5
2009;5;115;0;19
2009;5;116;900;19
2009;5;116;600;21,5
2009;5;116;300;22
2009;5;116;1200;25
2009;5;116;2100;32,5
2009;5;116;1800;31,5
2009;5;116;1500;28
2009;5;116;0;19
2009;5;117;900;19,5
2009;5;117;600;21,5
2009;5;117;300;23,5
2009;5;117;1200;23,5
2009;5;117;2100;33
2009;5;117;1800;32
2009;5;117;1500;29,5
2009;5;117;0;20,5
2009;5;117;900;19,5
2009;5;118;600;19,5
2009;5;118;300;21,5
2009;5;118;1200;23
2009;5;118;2100;29,5
2009;5;118;1800;33,5
2009;5;118;1500;30,5
2009;5;118;0;21,5
2009;5;118;900;22
2009;5;119;600;22,5
2009;5;119;300;23,5
2009;5;119;1200;25,5
2009;5;119;2100;32
2009;5;119;1800;32
2009;5;119;1500;30
2009;5;119;0;21
2009;5;119;900;21,5
2009;5;119;600;22
2009;5;120;300;25
2009;5;120;1200;25,5
2009;5;120;2100;34,5
2009;5;120;1800;33
2009;5;120;1500;30
2009;5;120;0;21,5
2009;5;120;900;21,5
2009;5;120;600;23,5
2009;5;121;300;25,5
2009;5;121;1200;26
2009;5;121;2100;35,5
2009;5;121;1800;34
2009;5;121;1500;31
2009;5;121;0;21
2009;5;121;900;21
2009;5;121;600;23
2009;5;122;300;25,5
2009;5;122;1200;26,5
2009;5;122;2100;35,5
2009;5;122;1800;34,5
2009;5;122;1500;30,5
2009;5;122;0;21
2009;5;122;900;21,5
2009;5;122;600;22,5
2009;5;122;300;26
2009;5;123;1200;26,5
2009;5;123;2100;32,5
2009;5;123;1800;34,5
2009;5;123;1500;30,5
2009;5;123;0;22
2009;5;123;900;21,5
2009;5;123;600;24,5
2009;5;123;300;26
2009;5;124;1200;26
2009;5;124;2100;34
2009;5;124;1800;34,5
2009;5;124;1500;31
2009;5;124;0;22,5
2009;5;124;900;23,5
2009;5;124;600;23,5
2009;5;124;300;25,5
2009;5;124;1200;26
2009;5;125;2100;34
2009;5;125;1800;35
2009;5;125;1500;31
2009;5;125;0;31
2009;5;125;900;23
2009;5;125;600;23
2009;5;125;300;24
2009;5;125;1200;28
2009;5;126;2100;29
2009;5;126;1800;32,5
2009;5;126;1500;32
2009;5;126;0;23,5
2009;5;126;900;23,5
2009;5;126;600;23
2009;5;126;300;24,5
2009;5;126;1200;26,5
2009;5;127;2100;27
2009;5;127;1800;26
2009;5;127;1500;26
2009;5;127;0;23,5
2009;5;127;900;23
2009;5;127;600;23,5
2009;5;127;300;24,5
2009;5;127;1200;27
2009;5;127;2100;20,5
2009;5;128;1800;21
2009;5;128;1500;21
2009;5;128;0;21,5
2009;5;128;900;21,5
2009;5;128;600;23
2009;5;128;300;23
2009;5;128;1200;24,5
2009;5;128;2100;22,5
2009;5;129;1800;22,5
2009;5;129;1500;20,5
2009;5;129;0;19
2009;5;129;900;18,5
2009;5;129;600;18,5
2009;5;129;300;18,5
2009;5;129;1200;19
2009;5;129;2100;29,5
2009;5;130;1800;30,5
2009;5;130;1500;24,5
2009;5;130;0;19
2009;5;130;900;18,5
2009;5;130;600;19
2009;5;130;300;19,5
2009;5;130;1200;20
2009;5;130;2100;25
2009;5;130;1800;32
2009;5;131;1500;28
2009;5;131;0;21
2009;5;131;900;21,5
2009;5;131;600;22,5
2009;5;131;300;23,5
2009;5;131;1200;24
2009;5;131;2100;33
2009;5;131;1800;33
2009;5;132;1500;29
2009;5;132;0;21
2009;5;132;900;21
2009;5;132;600;22,5
2009;5;132;300;23,5
2009;5;132;1200;23,5
2009;5;132;2100;33,5
2009;5;132;1800;32,5
2009;5;132;1500;32,5
2009;5;133;0;20
2009;5;133;900;21
2009;5;133;600;21,5
2009;5;133;300;24,5
2009;5;133;1200;26,5
2009;5;133;2100;33,5
2009;5;133;1800;32,5
2009;5;133;1500;28,5
2009;5;134;0;28,5
2009;5;134;900;22
2009;5;134;600;25
2009;5;134;300;25,5
2009;5;134;1200;26,5
2009;5;134;2100;34,5
2009;5;134;1800;33
2009;5;134;1500;30,5
2009;5;135;0;22,5
2009;5;135;900;23
2009;5;135;600;22,5
2009;5;135;300;24,5
2009;5;135;1200;26
2009;5;135;2100;34
2009;5;135;1800;33
2009;5;135;1500;30,5
2009;5;135;0;22
2009;5;136;900;22,5
2009;5;136;600;23,5
2009;5;136;300;26
2009;5;136;1200;26,5
2009;5;136;2100;32
2009;5;136;1800;33
2009;5;136;1500;30,5
2009;5;136;0;21,5
2009;5;137;900;21,5
2009;5;137;600;23,5
2009;5;137;300;25,5
2009;5;137;1200;25,5
2009;5;137;2100;33,5
2009;5;137;1800;32
2009;5;137;1500;31
2009;5;137;0;22
2009;5;137;900;22
2009;5;138;600;23,5
2009;5;138;300;24
2009;5;138;1200;25,5
2009;5;138;2100;30,5
2009;5;138;1800;32,5
2009;5;138;1500;30
2009;5;138;0;21,5
2009;5;138;900;22
2009;5;139;600;23,5
2009;5;139;300;24
2009;5;139;1200;26
2009;5;139;2100;33,5
2009;5;139;1800;33,5
2009;5;139;1500;33,5
2009;5;139;0;22
2009;5;139;900;22
2009;5;140;600;22
2009;5;140;300;22,5
2009;5;140;1200;24
2009;5;140;2100;27
2009;5;140;1800;33,5
2009;5;140;1500;30,5
2009;5;140;0;21,5
2009;5;140;900;22
2009;5;140;600;23
2009;5;141;300;24,5
2009;5;141;1200;26
2009;5;141;2100;25
2009;5;141;1800;24,5
2009;5;141;1500;24
2009;5;141;0;22,5
2009;5;141;900;21,5
2009;5;141;600;21,5
2009;5;142;300;21,5
2009;5;142;1200;22
2009;5;142;2100;26
2009;5;142;1800;24
2009;5;142;1500;21
2009;5;142;0;19,5
2009;5;142;900;19,5
2009;5;142;600;20
2009;5;143;300;20
2009;5;143;1200;22
2009;5;143;2100;22
2009;5;143;1800;22
2009;5;143;1500;21,5
2009;5;143;0;20
2009;5;143;900;20
2009;5;143;600;20
2009;5;143;300;20
2009;5;144;1200;21
2009;6;144;2100;18,5
2009;6;144;1800;17,5
2009;6;144;1500;16
2009;6;144;0;15,5
2009;6;144;900;15,5
2009;6;144;600;16,5
2009;6;144;300;16,5
2009;6;145;1200;18,5
2009;6;145;2100;22,5
2009;6;145;1800;22,5
2009;6;145;1500;20
2009;6;145;0;16,5
2009;6;145;900;16,5
2009;6;145;600;17
2009;6;145;300;16,5
2009;6;145;1200;16
2009;6;146;2100;24
2009;6;146;1800;23
2009;6;146;1500;20
2009;6;146;0;13,5
2009;6;146;900;15
2009;6;146;600;16,5
2009;6;146;300;18,5
2009;6;146;1200;19,5
2009;6;147;2100;31,5
2009;6;147;1800;28
2009;6;147;1500;22
2009;6;147;0;11,5
2009;6;147;900;11,5
2009;6;147;600;13
2009;6;147;300;15
2009;6;147;1200;16,5
2009;6;148;2100;34
2009;6;148;1800;32,5
2009;6;148;1500;29
2009;6;148;0;16
2009;6;148;900;16
2009;6;148;600;17,5
2009;6;148;300;21
2009;6;148;1200;21,5
2009;6;148;2100;30
2009;6;149;1800;29,5
2009;6;149;1500;26
2009;6;149;0;18,5
2009;6;149;900;18,5
2009;6;149;600;21,5
2009;6;149;300;23,5
2009;6;149;1200;26
2009;6;149;2100;31,5
2009;6;150;1800;29
2009;6;150;1500;24
2009;6;150;0;18,5
2009;6;150;900;20
2009;6;150;600;20
2009;6;150;300;23
2009;6;150;1200;24,5
2009;6;150;2100;32
2009;6;151;1800;31,5
2009;6;151;1500;26,5
2009;6;151;0;17,5
2009;6;151;900;17,5
2009;6;151;600;19
2009;6;151;300;21,5
2009;6;151;1200;23
2009;6;151;2100;32,5
2009;6;151;1800;32,5
2009;6;152;1500;27,5
2009;6;152;0;16,5
2009;6;152;900;17
2009;6;152;600;18,5
2009;6;152;300;22
2009;6;152;1200;23,5
2009;6;152;2100;30
2009;6;152;1800;30,5
2009;6;153;1500;29
2009;6;153;0;19
2009;6;153;900;19,5
2009;6;153;600;21
2009;6;153;300;21
2009;6;153;1200;24
2009;6;153;2100;26
2009;6;153;1800;27
2009;6;153;1500;23,5
2009;6;154;0;21
2009;6;154;900;21,5
2009;6;154;600;23,5
2009;6;154;300;24
2009;6;154;1200;25
2009;6;154;2100;21
2009;6;154;1800;20,5
2009;6;154;1500;17,5
2009;6;155;0;16,5
2009;6;155;900;19
2009;6;155;600;21
2009;6;155;300;21,5
2009;6;155;1200;23,5
2009;6;155;2100;21,5
2009;6;155;1800;21,5
2009;6;155;1500;21
2009;6;156;0;18
2009;6;156;900;17,5
2009;6;156;600;18
2009;6;156;300;18,5
2009;6;156;1200;19,5
2009;6;156;2100;32,5
2009;6;156;1800;32
2009;6;156;1500;25
2009;6;156;0;18,5
2009;6;157;900;18,5
2009;6;157;600;19
2009;6;157;300;19
2009;6;157;1200;20,5
2009;6;157;2100;33
2009;6;157;1500;29
2009;6;157;0;20,5
2009;6;157;900;20
2009;6;158;600;20
2009;6;158;300;22,5
2009;6;158;2100;23
2009;6;158;1800;24,5
2009;6;158;900;22,5
2009;6;158;300;24
2009;6;158;1200;25,5
2009;6;158;2100;21,5
2009;6;158;1800;26,5
2009;6;159;1500;24,5
2009;6;159;0;19
2009;6;159;900;19,5
2009;6;159;600;20,5
2009;6;159;300;20,5
2009;6;159;1200;21,5
2009;6;159;2100;29
2009;6;159;1500;25
2009;6;160;0;18
2009;6;160;900;18
2009;6;160;600;20,5
2009;6;160;300;20,5
2009;6;160;1200;20,5
2009;6;160;2100;33,5
2009;6;160;1800;33
2009;6;160;1500;29,5
2009;6;161;0;19,5
2009;6;161;600;22
2009;6;161;300;23,5
2009;6;161;1200;24,5
2009;6;161;1800;33,5
2009;6;161;1500;30,5
2009;6;161;0;19
2009;6;161;900;23,5
2009;6;161;600;20
2009;6;162;300;22
2009;6;162;1200;24
2009;6;162;2100;33,5
2009;6;162;1800;33,5
2009;6;162;1500;30,5
2009;6;162;0;19,5
2009;6;162;900;20
2009;6;162;600;22
2009;6;163;300;22
2009;6;163;1200;24,5
2009;6;163;1800;33
2009;6;163;1500;29
2009;6;163;0;20,5
2009;6;163;900;21
2009;6;163;600;23
2009;6;163;2100;33,5
2009;6;164;1800;32,5
2009;6;164;1500;29,5
2009;6;164;900;19,5
2009;6;164;600;21
2009;6;164;2100;20
2009;6;164;1800;20
2009;6;164;1500;19,5
2009;6;164;0;20,5
2009;6;164;600;20
2009;6;165;300;22,5
2009;6;165;1200;22,5
2009;6;165;2100;22
2009;6;165;1800;20
2009;6;165;1500;18
2009;6;165;0;16,5
2009;6;165;900;17
2009;6;165;600;17,5
2009;6;166;300;18
2009;6;166;1200;19
2009;6;166;1500;20
2009;6;166;0;18,5
2009;6;166;900;18,5
2009;6;166;600;19
2009;6;166;300;19,5
2009;6;166;1200;19,5
2009;6;166;2100;27
2009;6;167;1800;24
2009;6;167;1500;22
2009;6;167;0;22
2009;6;167;900;20,5
2009;6;167;300;21
2009;6;167;1200;21,5
2009;6;167;2100;33,5
2009;6;167;1800;32
2009;6;168;0;18
2009;6;168;900;18
2009;6;168;600;19,5
2009;6;168;300;19,5
2009;6;168;1200;22
2009;6;168;2100;33,5
2009;6;168;1800;33
2009;6;168;1500;33
2009;6;169;0;19
2009;6;169;900;20
2009;6;169;600;21,5
2009;6;169;300;22,5
2009;6;169;1200;24
2009;6;169;2100;33,5
2009;6;169;1800;32
2009;6;169;0;19,5
2009;6;169;900;19,5
2009;6;170;600;20,5
2009;6;170;300;23,5
2009;6;170;1200;24,5
2009;7;170;2100;34,5
2009;7;170;1800;34
2009;7;170;1500;30
2009;7;170;0;19,5
2009;7;170;900;20
2009;7;171;600;21
2009;7;171;300;25
2009;7;171;1200;26
2009;7;171;2100;34,5
2009;7;171;1800;33,5
2009;7;171;1500;28,5
2009;7;171;0;20
2009;7;171;900;19
2009;7;171;600;20,5
2009;7;172;300;22,5
2009;7;172;1200;25
2009;7;172;2100;33
2009;7;172;1800;33,5
2009;7;172;1500;29,5
2009;7;172;0;19,5
2009;7;172;900;20
2009;7;172;600;20,5
2009;7;173;300;25,5
2009;7;173;1200;25
2009;7;173;2100;32,5
2009;7;173;1800;33
2009;7;173;1500;28,5
2009;7;173;0;17
2009;7;173;900;17,5
2009;7;173;600;19,5
2009;7;174;300;24,5
2009;7;174;1200;24
2009;7;174;2100;33,5
2009;7;174;1800;33
2009;7;174;1500;33
2009;7;174;0;19
2009;7;174;900;18,5
2009;7;174;600;19
2009;7;174;300;24,5
2009;7;175;1200;23
2009;7;175;2100;35
2009;7;175;1800;33,5
2009;7;175;1500;29,5
2009;7;175;0;19
2009;7;175;900;19,5
2009;7;175;600;21
2009;7;175;300;23
2009;7;176;1200;24,5
2009;7;176;2100;34,5
2009;7;176;1800;33,5
2009;7;176;1500;29
2009;7;176;0;20
2009;7;176;900;19,5
2009;7;176;600;20,5
2009;7;176;300;25,5
2009;7;177;1200;25
2009;7;177;2100;33
2009;7;177;1800;33
2009;7;177;1500;26,5
2009;7;177;0;19
2009;7;177;900;20,5
2009;7;177;600;21
2009;7;177;300;25
2009;7;177;1200;24,5
2009;7;178;2100;32
2009;7;178;1800;32,5
2009;7;178;1500;26,5
2009;7;178;0;20
2009;7;178;900;19,5
2009;7;178;600;20,5
2009;7;178;300;22,5
2009;7;178;1200;24,5
2009;7;179;2100;33
2009;7;179;1800;33
2009;7;179;1500;27
2009;7;179;0;27
2009;7;179;900;20
2009;7;179;600;22
2009;7;179;300;24
2009;7;179;1200;25,5
2009;7;179;2100;21
2009;7;180;1800;19,5
2009;7;180;1500;30
2009;7;180;0;22
2009;7;180;900;22
2009;7;180;600;21,5
2009;7;180;300;24
2009;7;180;1200;25,5
2009;7;180;2100;25,5
2009;7;181;1800;21,5
2009;7;181;1500;21,5
2009;7;181;0;15
2009;7;181;900;15,5
2009;7;181;600;16,5
2009;7;181;300;17
2009;7;181;1200;18,5
2009;7;181;2100;33,5
2009;7;182;1800;32
2009;7;182;1500;26
2009;7;182;0;15,5
2009;7;182;900;16
2009;7;182;600;16,5
2009;7;182;300;18,5
2009;7;182;1200;20
2009;7;182;2100;31
2009;7;182;1800;30
2009;7;183;1500;25,5
2009;7;183;0;20,5
2009;7;183;900;21,5
2009;7;183;600;24
2009;7;183;1200;27
2009;7;183;2100;34
2009;7;183;1800;32,5
2009;7;183;1500;25
2009;7;184;0;18,5
2009;7;184;900;18,5
2009;7;184;600;22
2009;7;184;300;24,5
2009;7;184;1200;26,5
2009;7;184;2100;35,5
2009;7;184;1800;35
2009;7;184;1500;28,5
2009;7;185;0;21
2009;7;185;900;21
2009;7;185;600;23,5
2009;7;185;300;26
2009;7;185;2100;35,5
2009;7;185;1800;34,5
2009;7;185;1500;28
2009;7;185;0;21
2009;7;185;900;20,5
2009;7;186;600;22
2009;7;186;300;22
2009;7;186;2100;34
2009;7;186;1800;34
2009;7;186;1500;29
2009;7;186;0;19,5
2009;7;186;900;21
2009;7;186;600;25
2009;7;187;300;25
2009;7;187;1200;28
2009;7;187;2100;34
2009;7;187;1800;33,5
2009;7;187;1500;29
2009;7;187;0;18
2009;7;187;900;19
2009;7;187;600;20,5
2009;7;187;300;23,5
2009;7;188;1200;28
2009;7;188;2100;34
2009;7;188;1800;35,5
2009;7;188;1500;30
2009;7;188;0;19,5
2009;7;188;900;20
2009;7;188;600;21
2009;7;188;1200;26
2009;7;189;2100;33,5
2009;7;189;1800;34
2009;7;189;1500;31,5
2009;7;189;0;19
2009;7;189;900;19,5
2009;7;189;600;22,5
2009;7;189;300;23
2009;7;189;1200;25
2009;7;190;2100;35
2009;7;190;1800;33
2009;7;190;1500;31,5
2009;7;190;0;22,5
2009;7;190;900;23
2009;7;190;600;23,5
2009;7;190;300;23,5
2009;7;190;2100;23
2009;7;190;1800;34,5
2009;7;191;1500;32
2009;7;191;0;23
2009;7;191;900;23
2009;7;191;600;24
2009;7;191;300;25,5
2009;7;191;2100;11,5
2009;7;191;1800;13
2009;7;191;1500;12,5
2009;7;192;0;13
2009;7;192;900;15
2009;7;192;600;17
2009;7;192;300;19
2009;7;192;2100;14,5
2009;7;192;1800;13,5
2009;7;192;1500;12
2009;7;192;0;10
2009;7;192;900;10
2009;7;193;600;10,5
2009;7;193;300;10,5
2009;7;193;1200;11
2009;7;193;2100;27
2009;7;193;1800;23,5
2009;7;193;1500;17,5
2009;7;193;0;12
2009;7;193;900;12
2009;7;194;600;12
2009;7;194;300;13,5
2009;7;194;1200;13,5
2009;7;194;2100;29,5
2009;7;194;1800;28
2009;7;194;1500;21,5
2009;7;194;0;17,5
2009;7;194;900;18
2009;7;195;600;19
2009;7;195;300;20
2009;7;195;1200;21,5
2009;7;195;2100;35,5
2009;7;195;1800;34,5
2009;7;195;1500;28
2009;7;195;0;19
2009;7;195;900;19
2009;7;195;600;20,5
2009;7;196;300;22,5
2009;7;196;1200;24
2009;7;196;2100;29
2009;7;196;1800;28,5
2009;7;196;1500;26
2009;7;196;0;21,5
2009;7;196;900;20,5
2009;7;196;600;23,5
2009;7;197;300;25
2009;7;197;1200;26
2009;7;197;2100;31
2009;7;197;1500;23,5
2009;7;197;0;17
2009;7;197;900;19
2009;7;197;600;21
2009;7;197;300;23,5
2009;7;198;1200;25,5
2009;7;198;2100;36
2009;7;198;1500;26,5
2009;7;198;0;18,5
2009;7;198;900;20
2009;7;198;600;21,5
2009;7;198;300;23
2009;7;198;1200;25
2009;8;198;2100;35
2009;8;199;1800;35,5
2009;8;199;1500;30,5
2009;8;199;900;
2009;8;199;300;26
2009;8;199;2100;30,5
2009;8;199;1800;34,5
2009;8;199;0;18,5
2009;8;199;900;20
2009;8;200;600;21
2009;8;200;300;23,5
2009;8;200;1200;25,5
2009;8;200;2100;29,5
2009;8;200;1800;26
2009;8;200;1500;21
2009;8;200;0;16
2009;8;200;900;17
2009;8;200;600;20
2009;8;201;300;22
2009;8;201;1200;25
2009;8;201;2100;36,5
2009;8;201;1800;34
2009;8;201;1500;27
2009;8;201;600;20
2009;8;201;300;22,5
2009;8;201;1200;25
2009;8;202;1500;32,5
2009;8;202;0;19,5
2009;8;202;900;20,5
2009;8;202;600;20,5
2009;8;202;300;22
2009;8;202;1200;28
2009;8;202;2100;36,5
2009;8;202;1800;36
2009;8;203;1500;33
2009;8;203;0;19,5
2009;8;203;900;21
2009;8;203;600;21,5
2009;8;203;300;24
2009;8;203;1200;26,5
2009;8;203;2100;37
2009;8;203;1500;33
2009;8;203;0;19,5
2009;8;204;900;20
2009;8;204;600;21
2009;8;204;300;26
2009;8;204;1200;27
2009;8;204;2100;36
2009;8;204;1800;35,5
2009;8;204;1500;32
2009;8;204;0;19
2009;8;205;600;21
2009;8;205;300;23,5
2009;8;205;1200;25,5
2009;8;205;2100;26
2009;8;205;1800;26,5
2009;8;205;1500;23,5
2009;8;205;0;20
2009;8;205;900;19
2009;8;205;600;22,5
2009;8;206;300;26,5
2009;8;206;1200;27
2009;8;206;0;13,5
2009;8;206;900;14,5
2009;8;206;600;17
2009;8;206;300;19
2009;8;206;1200;19
2009;8;206;2100;29
2009;8;207;1800;26,5
2009;8;207;1500;20,5
2009;8;207;0;12,5
2009;8;207;600;16,5
2009;8;207;300;18,5
2009;8;207;1200;20
2009;8;207;2100;34
2009;8;207;1800;31,5
2009;8;208;1500;24,5
2009;8;208;0;14,5
2009;8;208;900;15,5
2009;8;208;600;17,5
2009;8;208;300;20,5
2009;8;208;1200;24
2009;8;208;2100;36,5
2009;8;208;1800;37
2009;8;208;1500;30,5
2009;8;209;0;19
2009;8;209;900;18
2009;8;209;600;21
2009;8;209;300;25
2009;8;209;1200;26,5
2009;8;209;2100;37,5
2009;8;209;1800;37
2009;8;209;1500;32
2009;8;210;0;22
2009;8;210;900;22
2009;8;210;600;24
2009;8;210;300;27
2009;8;210;1200;27
2009;8;210;2100;37,5
2009;8;210;1800;36,5
2009;8;210;1500;34
2009;8;211;0;21
2009;8;211;900;21,5
2009;8;211;600;23,5
2009;8;211;300;27
2009;8;211;1200;28
2009;8;211;2100;38,5
2009;8;211;1800;37,5
2009;8;211;1500;34
2009;8;211;0;22
2009;8;212;900;21
2009;8;212;600;25,5
2009;8;212;300;27,5
2009;8;212;1200;27,5
2009;8;212;2100;38,5
2009;8;212;1800;37
2009;8;212;1500;34,5
2009;8;212;0;23
2009;8;213;900;24
2009;8;213;600;24,5
2009;8;213;300;26,5
2009;8;213;1200;28,5
2009;8;213;2100;37,5
2009;8;213;1800;37,5
2009;8;213;1500;33
2009;8;213;0;23
2009;8;213;900;23
2009;8;214;600;24,5
2009;8;214;300;25
2009;8;214;1200;25
2009;8;214;2100;38
2009;8;214;1800;37,5
2009;8;214;0;24
2009;8;214;900;25,5
2009;8;214;600;26
2009;8;215;300;27,5
2009;8;215;1200;30,5
2009;8;215;2100;24,5
2009;8;215;1800;23
2009;8;215;1500;22
2009;8;215;0;22
2009;8;215;900;25,5
2009;8;215;600;28
2009;8;216;300;27,5
2009;8;216;1200;30,5
2009;8;216;2100;23,5
2009;8;216;1800;20
2009;8;216;1500;18
2009;8;216;0;17,5
2009;8;216;900;19
2009;8;216;600;20
2009;8;216;300;21,5
2009;8;217;1200;21,5
2009;8;217;1500;22
2009;8;217;900;18
2009;8;217;1200;20
2009;8;217;2100;36
2009;8;217;1800;35
2009;8;217;1500;29,5
2009;8;217;0;21
2009;8;218;300;25
2009;8;218;1500;28,5
2009;8;218;0;21,5
2009;8;218;900;23
2009;8;218;600;24,5
2009;8;218;300;26,5
2009;8;218;1200;29
2009;8;218;2100;24,5
2009;8;219;1800;25,5
2009;8;219;1500;23,5
2009;8;219;900;21
2009;8;219;600;20,5
2009;8;219;300;21
2009;8;219;2100;33
2009;8;219;1800;33
2009;8;219;0;19,5
2009;8;219;900;20
2009;8;220;300;21,5
2009;8;220;2100;35
2009;8;220;1500;29
2009;8;220;900;21
2009;8;220;600;23
2009;8;220;300;23,5
2009;8;220;1200;26,5
2009;8;220;1500;30
2009;8;221;0;21
2009;8;221;900;21
2009;8;221;600;22
2009;8;221;300;23,5
2009;8;221;1200;27
2009;8;221;2100;35,5
2009;8;221;1800;35,5
2009;8;221;0;21,5
2009;8;221;900;22
2009;8;222;600;23
2009;8;222;300;24,5
2009;8;222;2100;36,5
2009;8;222;1500;33
2009;8;222;900;23,5
2009;8;222;300;28
2009;8;222;1200;29,5
2009;8;222;1800;35
2009;8;223;1500;30
2009;8;223;0;22,5
2009;8;223;900;23,5
2009;8;223;600;22
2009;8;223;300;23,5
2009;8;223;1200;23
2009;9;223;2100;36
2009;9;223;1800;34,5
2009;9;224;0;23
2009;9;224;900;23,5
2009;9;224;600;26
2009;9;224;300;24,5
2009;9;224;1200;27
2009;9;224;2100;37,5
2009;9;224;1800;35,5
2009;9;224;1500;33,5
2009;9;224;0;24
2009;9;225;900;24
2009;9;225;600;25
2009;9;225;300;26,5
2009;9;225;1200;31,5
2009;9;225;2100;37,5
2009;9;225;1800;38
2009;9;225;1500;34,5
2009;9;225;0;25,5
2009;9;226;900;25
2009;9;226;600;26
2009;9;226;1200;30,5
2009;9;226;2100;36
2009;9;226;1800;36
2009;9;226;1500;34
2009;9;226;0;25
2009;9;226;900;24,5
2009;9;226;600;26,5
2009;9;227;300;28,5
2009;9;227;1200;33
2009;9;227;2100;35,5
2009;9;227;1800;33,5
2009;9;227;1500;32
2009;9;227;0;24,5
2009;9;227;900;24,5
2009;9;227;600;26,5
2009;9;228;300;26,5
2009;9;228;1200;30,5
2009;9;228;2100;37
2009;9;228;1800;35
2009;9;228;1500;32
2009;9;228;0;24
2009;9;228;900;23
2009;9;228;600;23,5
2009;9;229;300;24
2009;9;229;1200;24,5
2009;9;229;2100;36,5
2009;9;229;1800;36,5
2009;9;229;1500;32,5
2009;9;229;0;25,5
2009;9;229;900;25,5
2009;9;229;600;27
2009;9;229;300;28,5
2009;9;230;1200;28,5
2009;9;230;2100;29,5
2009;9;230;1800;37
2009;9;230;1500;36
2009;9;230;0;26,5
2009;9;230;900;26,5
2009;9;230;600;28
2009;9;230;300;29
2009;9;231;1200;31
2009;9;231;2100;31
2009;9;231;1800;26,5
2009;9;231;1500;28,5
2009;9;231;0;25,5
2009;9;231;900;25
2009;9;231;600;26,5
2009;9;231;300;28
2009;9;232;1200;28
2009;9;232;2100;23,5
2009;9;232;1800;22,5
2009;9;232;1500;20
2009;9;232;0;20
2009;9;232;900;19,5
2009;9;232;600;21
2009;9;232;300;24
2009;9;232;1200;27,5
2009;9;233;2100;19,5
2009;9;233;1800;20
2009;9;233;1500;18
2009;9;233;0;17
2009;9;233;900;17
2009;9;233;600;17
2009;9;233;300;17
2009;9;233;1200;19
2009;9;234;2100;31
2009;9;234;1800;28
2009;9;234;1500;23,5
2009;9;234;0;17,5
2009;9;234;900;16,5
2009;9;234;600;17
2009;9;234;300;18
2009;9;234;1200;19
2009;9;234;2100;33,5
2009;9;235;1800;31
2009;9;235;1500;26,5
2009;9;235;0;20,5
2009;9;235;900;21
2009;9;235;600;22,5
2009;9;235;300;24,5
2009;9;235;1200;26,5
2009;9;235;900;22,5
2009;9;236;600;25,5
2009;9;236;300;27,5
2009;9;236;1200;30
2009;9;236;2100;38,5
2009;9;236;1800;38
2009;9;236;1500;38
2009;9;236;900;25
2009;9;236;2100;40
2009;9;237;1800;38,5
2009;9;237;1500;36
2009;9;237;0;36
2009;9;237;900;27
2009;9;237;600;24,5
2009;9;237;300;26,5
2009;9;237;1200;31
2009;9;237;2100;37
2009;9;237;1800;35
2009;9;238;1500;32
2009;9;238;0;26
2009;9;238;900;25
2009;9;238;600;27
2009;9;238;300;30,5
2009;9;238;1200;34
2009;9;238;2100;36
2009;9;238;1800;37
2009;9;239;1500;34
2009;9;239;0;27,5
2009;9;239;900;24,5
2009;9;239;600;27
2009;9;239;300;28,5
2009;9;239;1200;31,5
2009;9;239;2100;25,5
2009;9;239;1800;35
2009;9;239;1500;34,5
2009;9;240;0;27
2009;9;240;900;26
2009;9;240;600;28
2009;9;240;300;29
2009;9;240;1200;31,5
2009;9;240;2100;33
2009;9;240;1800;30,5
2009;9;240;1500;25
2009;9;241;0;22,5
2009;9;241;900;22,5
2009;9;241;600;23
2009;9;241;300;23
2009;9;241;1200;23
2009;9;241;2100;31,5
2009;9;241;1800;28,5
2009;9;241;1500;25,5
2009;9;242;0;23
2009;9;242;900;24
2009;9;242;600;23,5
2009;9;242;300;25
2009;9;242;1200;25
2009;9;242;2100;27,5
2009;9;242;1800;25,5
2009;9;242;1500;23
2009;9;242;0;22
2009;9;243;900;22,5
2009;9;243;600;22,5
2009;9;243;300;22
2009;9;243;1200;25
2009;9;243;2100;21,5
2009;9;243;1800;28
2009;9;243;1500;27,5
2009;9;243;0;23,5
2009;9;244;900;23
2009;9;244;600;23
2009;9;244;300;23
2009;9;244;1200;24
2009;9;244;2100;25,5
2009;9;244;1800;24,5
2009;9;244;1500;19,5
2009;9;244;0;17,5
2009;9;245;900;17
2009;9;245;600;17
2009;9;245;300;17,5
2009;9;245;1200;19,5
2009;9;245;2100;34
2009;9;245;1800;31
2009;9;245;1500;25,5
2009;9;245;0;18,5
2009;9;245;900;17,5
2009;9;246;600;18,5
2009;9;246;300;19,5
2009;9;246;1200;22,5
2009;9;246;2100;39
2009;9;246;1800;37,5
2009;9;246;1500;33,5
2009;9;246;0;25
2009;9;246;900;22,5
2009;9;247;600;25
2009;9;247;300;27
2009;9;247;1200;28
2009;9;247;2100;33,5
2009;9;247;1800;36
2009;9;247;1500;33,5
2009;9;247;0;26,5
2009;9;247;900;26,5
2009;9;247;600;27
2009;9;248;300;27
2009;9;248;1200;31,5
2009;9;248;2100;31,5
2009;9;248;1800;35,5
2009;9;248;1500;32
2009;9;248;0;26,5
2009;9;248;900;24,5
2009;9;248;600;25,5
2009;9;249;300;27
2009;9;249;1200;30
2009;9;249;2100;24
2009;9;249;1800;22,5
2009;9;249;1500;19,5
2009;9;249;0;17,5
2009;9;249;900;19,5
2009;9;249;600;21,5
2009;9;250;300;24
2009;9;250;1200;27,5
2009;9;250;2100;30
2009;9;250;1800;27
2009;9;250;1500;22
2009;9;250;0;17
2009;9;250;900;16,5
2009;9;250;600;17,5
2009;9;250;300;17,5
2009;9;251;1200;20,5
2009;10;251;2100;34,5
2009;10;251;1800;32
2009;10;251;1500;26
2009;10;251;0;20,5
2009;10;251;900;20
2009;10;251;600;22
2009;10;251;300;24
2009;10;252;1200;26
2009;10;252;2100;32
2009;10;252;1800;30,5
2009;10;252;1500;28,5
2009;10;252;0;24,5
2009;10;252;900;24,5
2009;10;252;600;25
2009;10;252;300;27,5
2009;10;253;1200;29,5
2009;10;253;2100;37,5
2009;10;253;1800;37,5
2009;10;253;1500;31,5
2009;10;253;0;24,5
2009;10;253;900;24
2009;10;253;600;24,5
2009;10;253;300;25,5
2009;10;253;1200;25,5
2009;10;254;2100;31,5
2009;10;254;1800;33,5
2009;10;254;1500;28
2009;10;254;0;24
2009;10;254;900;24
2009;10;254;600;24,5
2009;10;254;300;24
2009;10;254;1200;25,5
2009;10;255;2100;31
2009;10;255;1800;28
2009;10;255;1500;27
2009;10;255;0;24
2009;10;255;900;23,5
2009;10;255;600;24,5
2009;10;255;300;26
2009;10;255;1200;27,5
2009;10;255;2100;32,5
2009;10;256;1800;34,5
2009;10;256;1500;30,5
2009;10;256;0;25,5
2009;10;256;900;23
2009;10;256;600;22,5
2009;10;256;300;23,5
2009;10;256;1200;26
2009;10;256;2100;26
2009;10;257;1800;29,5
2009;10;257;1500;26
2009;10;257;0;25
2009;10;257;900;25,5
2009;10;257;600;24,5
2009;10;257;300;26,5
2009;10;257;1200;29
2009;10;257;2100;30,5
2009;10;258;1800;31,5
2009;10;258;1500;27,5
2009;10;258;0;23,5
2009;10;258;900;22,5
2009;10;258;600;23,5
2009;10;258;300;24
2009;10;258;1200;24
2009;10;258;2100;35
2009;10;258;1800;34
2009;10;259;1500;30,5
2009;10;259;0;24,5
2009;10;259;900;21,5
2009;10;259;600;23
2009;10;259;300;24
2009;10;259;1200;27
2009;10;259;2100;37,5
2009;10;259;1800;35,5
2009;10;260;1500;33
2009;10;260;0;26
2009;10;260;900;22,5
2009;10;260;600;24,5
2009;10;260;300;26,5
2009;10;260;1200;30,5
2009;10;260;2100;37,5
2009;10;260;1800;38
2009;10;260;1500;34,5
2009;10;261;0;28,5
2009;10;261;900;27
2009;10;261;600;27
2009;10;261;300;28,5
2009;10;261;1200;30
2009;10;261;2100;23,5
2009;10;261;1800;37,5
2009;10;261;1500;29
2009;10;262;0;28,5
2009;10;262;900;26
2009;10;262;600;26,5
2009;10;262;300;28
2009;10;262;1200;32
2009;10;262;2100;34
2009;10;262;1800;32
2009;10;262;1500;28,5
2009;10;263;0;23
2009;10;263;900;22,5
2009;10;263;600;23
2009;10;263;300;22,5
2009;10;263;1200;22,5
2009;10;263;2100;35,5
2009;10;263;1800;34,5
2009;10;263;1500;31,5
2009;10;263;0;25
2009;10;264;900;24,5
2009;10;264;600;25,5
2009;10;264;300;25,5
2009;10;264;1200;27
2009;10;264;2100;29
2009;10;264;1800;34,5
2009;10;264;1500;32
2009;10;264;0;27
2009;10;265;900;26,5
2009;10;265;600;27
2009;10;265;300;27
2009;10;265;1200;29,5
2009;10;265;2100;35,5
2009;10;265;1800;34
2009;10;265;1500;31,5
2009;10;265;0;26
2009;10;266;900;25
2009;10;266;600;25
2009;10;266;300;24,5
2009;10;266;1200;24,5
2009;10;266;2100;35,5
2009;10;266;1800;35
2009;10;266;1500;34
2009;10;266;0;28
2009;10;266;900;25
2009;10;267;600;26
2009;10;267;300;28
2009;10;267;1200;30
2009;10;267;2100;34,5
2009;10;267;1800;37
2009;10;267;1500;35
2009;10;267;0;28,5
2009;10;267;900;24,5
2009;10;268;600;26
2009;10;268;300;26
2009;10;268;1200;28,5
2009;10;268;2100;31
2009;10;268;1800;36,5
2009;10;268;1500;33
2009;10;268;0;27
2009;10;268;900;25
2009;10;268;600;27,5
2009;10;269;300;28,5
2009;10;269;1200;29,5
2009;10;269;2100;30
2009;10;269;1800;31
2009;10;269;1500;23,5
2009;10;269;0;22
2009;10;269;900;26,5
2009;10;269;600;28,5
2009;10;270;300;28
2009;10;270;1200;31
2009;10;270;2100;25,5
2009;10;270;1800;34,5
2009;10;270;1500;31
2009;10;270;0;24,5
2009;10;270;900;24
2009;10;270;600;23,5
2009;10;271;300;24,5
2009;10;271;1200;25,5
2009;10;271;2100;28
2009;10;271;1800;33,5
2009;10;271;1500;33,5
2009;10;271;0;27
2009;10;271;900;25
2009;10;271;600;25,5
2009;10;271;300;26
2009;10;272;1200;26
2009;10;272;2100;25,5
2009;10;272;1800;34
2009;10;272;1500;28,5
2009;10;272;0;24
2009;10;272;900;24
2009;10;272;600;24
2009;10;272;300;24,5
2009;10;273;1200;24
2009;10;273;2100;36
2009;10;273;1800;34,5
2009;10;273;1500;32,5
2009;10;273;0;26
2009;10;273;900;23,5
2009;10;273;600;23,5
2009;10;273;300;24
2009;10;273;1200;23,5
2009;10;274;2100;32,5
2009;10;274;1800;33,5
2009;10;274;1500;31,5
2009;10;274;0;31,5
2009;10;274;900;27
2009;10;274;600;25
2009;10;274;300;26,5
2009;10;274;1200;27
2009;10;275;2100;30,5
2009;10;275;1800;27
2009;10;275;1500;30
2009;10;275;0;26
2009;10;275;900;25
2009;10;275;600;26,5
2009;10;275;300;27
2009;10;275;1200;29,5
2009;10;276;2100;33
2009;10;276;1800;33
2009;10;276;1500;29
2009;10;276;0;24
2009;10;276;900;23,5
2009;10;276;600;25
2009;10;276;300;25
2009;10;276;1200;26,5
2009;10;276;2100;25,5
2009;10;277;1800;25,5
2009;10;277;1500;30
2009;10;277;0;23,5
2009;10;277;900;23
2009;10;277;600;24,5
2009;10;277;300;27
2009;10;277;1200;28
2009;10;277;2100;31,5
2009;10;278;1800;30,5
2009;10;278;1500;27,5
2009;10;278;0;24
2009;10;278;900;24
2009;10;278;600;24
2009;10;278;300;24
2009;10;278;1200;24,5
2009;10;278;2100;36,5
2009;10;279;1800;35,5
2009;10;279;1500;32,5
2009;10;279;0;28
2009;10;279;900;24,5
2009;10;279;600;25
2009;10;279;300;25,5
2009;10;279;1200;29
2009;10;279;2100;37,5
2009;10;279;1800;36,5
2009;10;280;1500;33,5
2009;10;280;0;26,5
2009;10;280;900;24
2009;10;280;600;26
2009;10;280;300;28
2009;10;280;1200;31,5
2009;11;280;2100;35,5
2009;11;280;1800;35
2009;11;281;1500;31
2009;11;281;0;26,5
2009;11;281;900;25,5
2009;11;281;600;25,5
2009;11;281;300;27
2009;11;281;1200;29,5
2009;11;281;2100;30,5
2009;11;281;1800;33,5
2009;11;281;1500;31,5
2009;11;282;0;25,5
2009;11;282;900;25
2009;11;282;600;25,5
2009;11;282;300;27
2009;11;282;1200;30
2009;11;282;2100;33,5
2009;11;282;1800;34
2009;11;282;1500;32,5
2009;11;283;0;25,5
2009;11;283;900;24
2009;11;283;600;24
2009;11;283;300;24,5
2009;11;283;1200;25,5
2009;11;283;2100;30,5
2009;11;283;1800;31
2009;11;283;1500;28
2009;11;284;0;24
2009;11;284;900;23
2009;11;284;600;23
2009;11;284;300;23
2009;11;284;1200;23,5
2009;11;284;2100;22,5
2009;11;284;1800;29,5
2009;11;284;1500;32
2009;11;284;0;26
2009;11;285;900;24,5
2009;11;285;600;25,5
2009;11;285;300;25,5
2009;11;285;1200;26,5
2009;11;285;2100;25
2009;11;285;1800;21,5
2009;11;285;1500;21,5
2009;11;285;0;24
2009;11;286;900;23,5
2009;11;286;600;22,5
2009;11;286;300;22,5
2009;11;286;1200;23,5
2009;11;286;2100;28,5
2009;11;286;1800;27
2009;11;286;1500;26,5
2009;11;286;0;24
2009;11;287;900;22
2009;11;287;600;23
2009;11;287;300;23,5
2009;11;287;1200;23,5
2009;11;287;2100;27
2009;11;287;1800;32
2009;11;287;1500;27,5
2009;11;287;0;24
2009;11;287;900;22,5
2009;11;288;600;24
2009;11;288;300;24
2009;11;288;1200;26
2009;11;288;2100;33,5
2009;11;288;1800;33
2009;11;288;1500;31
2009;11;288;0;24
2009;11;288;900;23
2009;11;289;600;23
2009;11;289;300;23,5
2009;11;289;1200;23,5
2009;11;289;2100;35,5
2009;11;289;1800;34,5
2009;11;289;1500;32,5
2009;11;289;0;27,5
2009;11;289;900;24,5
2009;11;289;600;25
2009;11;290;300;24,5
2009;11;290;1200;26,5
2009;11;290;2100;30
2009;11;290;1800;28
2009;11;290;1500;25
2009;11;290;0;23,5
2009;11;290;900;23
2009;11;290;600;23,5
2009;11;291;300;27,5
2009;11;291;1200;29,5
2009;11;291;2100;33
2009;11;291;1800;35
2009;11;291;1500;33
2009;11;291;0;26,5
2009;11;291;900;23,5
2009;11;291;600;23,5
2009;11;292;300;24,5
2009;11;292;1200;26
2009;11;292;2100;34,5
2009;11;292;1800;33,5
2009;11;292;1500;33,5
2009;11;292;0;29,5
2009;11;292;900;25
2009;11;292;600;25,5
2009;11;292;300;27
2009;11;293;1200;30
2009;11;293;2100;33
2009;11;293;1800;34
2009;11;293;1500;32
2009;11;293;0;25
2009;11;293;900;23,5
2009;11;293;600;26,5
2009;11;293;300;28,5
2009;11;294;1200;29,5
2009;11;294;2100;36
2009;11;294;1800;35,5
2009;11;294;1500;32,5
2009;11;294;0;27
2009;11;294;900;24,5
2009;11;294;600;25,5
2009;11;294;300;26,5
2009;11;294;1200;28,5
2009;11;295;2100;31
2009;11;295;1800;31,5
2009;11;295;1500;26
2009;11;295;0;25,5
2009;11;295;900;24,5
2009;11;295;600;27,5
2009;11;295;300;29
2009;11;295;1200;30
2009;11;296;2100;37
2009;11;296;1800;36
2009;11;296;1500;34
2009;11;296;0;26
2009;11;296;900;24
2009;11;296;600;24,5
2009;11;296;300;25,5
2009;11;296;1200;27,5
2009;11;297;2100;28
2009;11;297;1800;24
2009;11;297;1500;35
2009;11;297;0;29,5
2009;11;297;900;25,5
2009;11;297;600;26,5
2009;11;297;300;27,5
2009;11;297;1200;30,5
2009;11;297;2100;35,5
2009;11;298;1800;35
2009;11;298;1500;32,5
2009;11;298;0;27
2009;11;298;900;25,5
2009;11;298;600;27
2009;11;298;300;26
2009;11;298;1200;27
2009;11;298;2100;32
2009;11;299;1800;31,5
2009;11;299;1500;30,5
2009;11;299;0;26,5
2009;11;299;900;26,5
2009;11;299;600;27,5
2009;11;299;300;28,5
2009;11;299;1200;29,5
2009;11;299;2100;29
2009;11;300;1800;33,5
2009;11;300;1500;31
2009;11;300;0;28
2009;11;300;900;24,5
2009;11;300;600;25
2009;11;300;300;26
2009;11;300;1200;26
2009;11;300;2100;26
2009;11;300;1800;28,5
2009;11;301;1500;31
2009;11;301;0;28,5
2009;11;301;900;25,5
2009;11;301;600;25,5
2009;11;301;300;25,5
2009;11;301;1200;27
2009;11;301;2100;31
2009;11;301;1800;34,5
2009;11;302;1500;34,5
2009;11;302;0;26
2009;11;302;900;26
2009;11;302;600;25
2009;11;302;300;25
2009;11;302;1200;25
2009;11;302;2100;33
2009;11;302;1800;30
2009;11;302;1500;27,5
2009;11;303;0;24,5
2009;11;303;900;26
2009;11;303;600;27
2009;11;303;300;26,5
2009;11;303;1200;27,5
2009;11;303;2100;24
2009;11;303;1800;34
2009;11;303;1500;31,5
2009;11;304;0;26
2009;11;304;900;24,5
2009;11;304;600;24,5
2009;11;304;300;25,5
2009;11;304;1200;27
2009;11;304;2100;31
2009;11;304;1800;31
2009;11;304;1500;28,5
2009;11;305;0;25
2009;11;305;900;24
2009;11;305;600;23,5
2009;11;305;300;24
2009;11;305;1200;24
2009;11;305;2100;26,5
2009;11;305;1800;33,5
2009;11;305;1500;31
2009;11;305;0;26
2009;11;306;900;25
2009;11;306;600;25,5
2009;11;306;300;26
2009;11;306;1200;27,5
2009;11;306;2100;34
2009;11;306;1800;34,5
2009;11;306;1500;31
2009;11;306;0;27
2009;11;307;900;25
2009;11;307;600;25
2009;11;307;300;24,5
2009;11;307;1200;25,5
2009;11;307;2100;24,5
2009;11;307;1800;24,5
2009;11;307;1500;31,5
2009;11;307;0;27,5
2009;11;307;900;25
2009;11;308;600;25
2009;11;308;300;26
2009;11;308;1200;26
2009;11;308;2100;28,5
2009;11;308;1800;34,5
2009;11;308;1500;30,5
2009;11;308;0;25
2009;11;308;900;23,5
2009;11;309;600;23,5
2009;11;309;300;24,5
2009;11;309;1200;24,5
2009;12;309;2100;32
2009;12;309;1800;33
2009;12;309;1500;33
2009;12;309;0;26
2009;12;309;900;26
2009;12;310;600;25,5
2009;12;310;300;26,5
2009;12;310;1200;26,5
2009;12;310;2100;32,5
2009;12;310;1800;31
2009;12;310;1500;31,5
2009;12;310;0;27
2009;12;310;900;25
2009;12;310;600;26
2009;12;311;300;26,5
2009;12;311;1200;27
2009;12;311;2100;31,5
2009;12;311;1800;31,5
2009;12;311;1500;29
2009;12;311;0;24,5
2009;12;311;900;23,5
2009;12;311;600;23,5
2009;12;312;300;24
2009;12;312;1200;27
2009;12;312;2100;26
2009;12;312;1800;26
2009;12;312;1500;25,5
2009;12;312;0;23,5
2009;12;312;900;23,5
2009;12;312;600;23,5
2009;12;313;300;23
2009;12;313;1200;24
2009;12;313;2100;33,5
2009;12;313;1800;33,5
2009;12;313;1500;29,5
2009;12;313;0;24
2009;12;313;900;23,5
2009;12;313;600;23,5
2009;12;313;300;24
2009;12;314;1200;24
2009;12;314;2100;27
2009;12;314;1800;27
2009;12;314;1500;28,5
2009;12;314;0;26
2009;12;314;900;26
2009;12;314;600;24,5
2009;12;314;300;25
2009;12;315;1200;26
2009;12;315;2100;25
2009;12;315;1800;25
2009;12;315;1500;23
2009;12;315;0;22,5
2009;12;315;900;22,5
2009;12;315;600;23
2009;12;315;300;24
2009;12;315;1200;24,5
2009;12;316;2100;31
2009;12;316;1800;30
2009;12;316;1500;27
2009;12;316;0;24
2009;12;316;900;23
2009;12;316;600;23
2009;12;316;300;23,5
2009;12;316;1200;24
2009;12;317;2100;27
2009;12;317;1800;30
2009;12;317;1500;32
2009;12;317;0;26
2009;12;317;900;23
2009;12;317;600;23,5
2009;12;317;300;24,5
2009;12;317;1200;26
2009;12;318;2100;30
2009;12;318;1800;31,5
2009;12;318;1500;27,5
2009;12;318;0;24
2009;12;318;900;23,5
2009;12;318;600;23,5
2009;12;318;300;23,5
2009;12;318;1200;25,5
2009;12;318;2100;34,5
2009;12;319;1800;29
2009;12;319;1500;23,5
2009;12;319;0;23,5
2009;12;319;900;22,5
2009;12;319;600;22,5
2009;12;319;300;25,5
2009;12;319;1200;27
2009;12;319;2100;24,5
2009;12;320;1800;27,5
2009;12;320;1500;31,5
2009;12;320;0;25,5
2009;12;320;900;24
2009;12;320;600;24
2009;12;320;300;25
2009;12;320;1200;25,5
2009;12;320;2100;28
2009;12;321;1800;28
2009;12;321;1500;26
2009;12;321;0;22
2009;12;321;900;22
2009;12;321;600;21,5
2009;12;321;300;22
2009;12;321;1200;22
2009;12;321;2100;30
2009;12;321;1800;28,5
2009;12;322;1500;30
2009;12;322;0;26
2009;12;322;900;23
2009;12;322;600;23,5
2009;12;322;300;24,5
2009;12;322;1200;26
2009;12;322;2100;25
2009;12;322;1800;31
2009;12;323;1500;29,5
2009;12;323;0;25
2009;12;323;900;23
2009;12;323;600;23,5
2009;12;323;300;24
2009;12;323;1200;24,5
2009;12;323;2100;24
2009;12;323;1800;33
2009;12;323;1500;30
2009;12;324;0;24,5
2009;12;324;900;23
2009;12;324;600;23
2009;12;324;300;23
2009;12;324;1200;23,5
2009;12;324;2100;34,5
2009;12;324;1800;32,5
2009;12;324;1500;29
2009;12;325;0;24,5
2009;12;325;900;22,5
2009;12;325;600;22,5
2009;12;325;300;22,5
2009;12;325;1200;22,5
2009;12;325;2100;32
2009;12;325;1800;24,5
2009;12;325;1500;31,5
2009;12;326;0;31,5
2009;12;326;900;24
2009;12;326;600;24,5
2009;12;326;300;25
2009;12;326;1200;28,5
2009;12;326;2100;28
2009;12;326;1800;28
2009;12;326;1500;30
2009;12;326;0;25,5
2009;12;327;900;22,5
2009;12;327;600;22,5
2009;12;327;300;22,5
2009;12;327;1200;27
2009;12;327;2100;34
2009;12;327;1800;27,5
2009;12;327;1500;31,5
2009;12;327;0;24
2009;12;328;900;22
2009;12;328;600;22,5
2009;12;328;300;23
2009;12;328;1200;23