HJD,Detr_Norm_Flux
2454953.538373,1.000140
2454953.558807,1.000083
2454953.579242,0.999972
2454953.599676,1.000087
2454953.620111,1.000077
2454953.640545,1.000028
2454953.660979,1.000050
2454953.681414,1.000075
2454953.701848,0.999807
2454953.722283,1.000111
2454953.742717,0.999986
2454953.763152,0.999988
2454953.783586,1.000296
2454953.804020,1.000008
2454953.824455,0.999898
2454953.844889,0.999931
2454953.865324,0.999759
2454953.885758,0.999939
2454953.906193,1.000012
2454953.926627,0.999934
2454953.947062,0.999995
2454953.967496,0.999997
2454953.987930,1.000008
2454954.008365,0.999867
2454954.028799,1.000015
2454954.049234,0.999948
2454954.069668,0.999928
2454954.090103,0.999912
2454954.110537,0.999945
2454954.130971,0.999967
2454954.151406,0.999800
2454954.171840,1.000056
2454954.192275,0.999847
2454954.212709,0.999907
2454954.233144,0.999906
2454954.253578,0.999988
2454954.274012,0.999930
2454954.294447,0.999855
2454954.314881,1.000103
2454954.335316,1.000048
2454954.355750,0.999982
2454954.376185,0.999997
2454954.396619,1.000061
2454954.417053,1.000159
2454954.437488,0.999958
2454954.457922,1.000139
2454954.478357,1.000011
2454954.498791,0.999948
2454954.519226,0.999925
2454954.539660,0.999928
2454954.560095,1.000236
2454954.580529,0.999956
2454954.600963,1.000058
2454954.621398,1.000075
2454954.641832,0.999901
2454954.662267,1.000023
2454954.682702,0.999984
2454954.703136,0.999887
2454954.723570,0.999959
2454954.744004,1.000002
2454954.764439,1.000110
2454954.784873,0.999899
2454954.805308,0.999878
2454954.825743,0.999941
2454954.846176,0.999958
2454954.866611,1.000001
2454954.887045,0.999930
2454954.907480,1.000035
2454954.927915,0.999997
2454954.948349,1.000103
2454954.968783,0.999871
2454954.989217,0.999961
2454955.009652,1.000092
2454955.030087,1.000066
2454955.050521,1.000196
2454955.070956,0.999835
2454955.091390,0.999718
2454955.111824,1.000013
2454955.132259,0.999967
2454955.152693,0.999929
2454955.173128,0.999949
2454955.193562,0.999988
2454955.213997,1.000262
2454955.234431,0.999882
2454955.254865,1.000014
2454955.275300,1.000013
2454955.295734,0.999815
2454955.316169,1.000007
2454955.336603,0.999900
2454955.357037,0.999878
2454955.377472,0.999991
2454955.397906,1.000011
2454955.418341,0.999841
2454955.438775,0.999993
2454955.459210,1.000049
2454955.479644,1.000107
2454955.500078,0.999961
2454955.520513,0.999921
2454955.540947,0.999908
2454955.561382,0.999951
2454955.581817,0.999987
2454955.602250,0.999814
2454955.622685,1.000057
2454955.643120,1.000175
2454955.663554,1.000049
2454955.683989,0.999929
2454955.704423,0.999937
2454955.724857,1.000149
2454955.745292,0.999969
2454955.765726,1.000015
2454955.786161,0.999930
2454955.806595,1.000051
2454955.827030,0.999940
2454955.847464,0.999993
2454955.867898,0.999920
2454955.888333,1.000044
2454955.908767,0.999924
2454955.929202,0.999842
2454955.949636,0.999851
2454955.970071,1.000016
2454955.990505,1.000033
2454956.010939,1.000025
2454956.031374,1.000045
2454956.051809,0.999878
2454956.072243,1.000055
2454956.092678,0.999951
2454956.113111,0.999857
2454956.133546,1.000034
2454956.153980,1.000015
2454956.174415,0.999883
2454956.194850,0.999933
2454956.215284,0.999866
2454956.235718,0.999950
2454956.256153,1.000094
2454956.276587,1.000136
2454956.297022,1.000060
2454956.317456,0.999991
2454956.337891,1.000178
2454956.358324,0.999895
2454956.378759,0.999919
2454956.399194,0.999948
2454956.419628,1.000062
2454956.440063,0.999874
2454956.460497,0.999996
2454956.480931,1.000049
2454956.501366,1.000057
2454956.521800,1.000109
2454956.542235,0.999956
2454956.562669,1.000018
2454956.583104,0.999962
2454956.603539,0.999960
2454956.623972,0.999937
2454956.644407,0.999758
2454956.664841,1.000032
2454956.685276,1.000089
2454956.705711,0.999910
2454956.726145,1.000017
2454956.746579,0.999927
2454956.767013,1.000057
2454956.787448,1.000088
2454956.807883,0.999836
2454956.828317,0.999994
2454956.848752,1.000013
2454956.869185,0.999936
2454956.889620,1.000034
2454956.910055,0.999821
2454956.930489,1.000083
2454956.950924,0.999715
2454956.971358,0.999738
2454956.991792,0.999957
2454957.012226,1.000019
2454957.032661,0.999913
2454957.053096,0.999992
2454957.073530,0.999770
2454957.093965,0.999929
2454957.114399,0.999862
2454957.134833,0.999982
2454957.155268,0.999684
2454957.175702,1.000013
2454957.196137,0.999898
2454957.216571,0.999947
2454957.237005,1.000052
2454957.257440,1.000069
2454957.277874,1.000058
2454957.298309,0.999997
2454957.318744,0.999954
2454957.339178,0.999978
2454957.359612,0.999997
2454957.380046,0.999988
2454957.400481,0.999051
2454957.420916,0.994619
2454957.441350,0.993342
2454957.461785,0.993016
2454957.482219,0.992623
2454957.502653,0.992553
2454957.523087,0.992430
2454957.543522,0.992831
2454957.563957,0.993359
2454957.584391,0.994154
2454957.604826,0.998072
2454957.625260,0.999949
2454957.645694,0.999916
2454957.666128,0.999845
2454957.686563,0.999926
2454957.706998,0.999912
2454957.727433,1.000122
2454957.747866,1.000020
2454957.768301,0.999778
2454957.788735,1.000033
2454957.809170,0.999973
2454957.829605,1.000003
2454957.850039,0.999977
2454957.870473,1.000023
2454957.890907,0.999961
2454957.911342,1.000041
2454957.931776,1.000048
2454957.952211,1.000131
2454957.972646,1.000057
2454957.993079,0.999954
2454958.013514,0.999994
2454958.033948,0.999882
2454958.054383,0.999865
2454958.074818,0.999981
2454958.095252,1.000042
2454958.115686,1.000146
2454958.136120,0.999895
2454958.156555,0.999974
2454958.176989,1.000022
2454958.197424,1.000069
2454958.217859,0.999956
2454958.238294,0.999892
2454958.258727,1.000054
2454958.279161,0.999960
2454958.299596,0.999984
2454958.320031,1.000058
2454958.340466,1.000104
2454958.360900,1.000020
2454958.381333,1.000114
2454958.401768,1.000007
2454958.422203,1.000027
2454958.442637,0.999978
2454958.463072,0.999849
2454958.483507,0.999991
2454958.503940,1.000026
2454958.524375,1.000053
2454958.544809,0.999916
2454958.565244,0.999766
2454958.585679,0.999915
2454958.606113,0.999872
2454958.626546,1.000009
2454958.646981,0.999849
2454958.667416,0.999894
2454958.687851,0.999881
2454958.708285,0.999990
2454958.728720,0.999894
2454958.749153,0.999927
2454958.769588,1.000007
2454958.790022,1.000063
2454958.810457,0.999920
2454958.830892,1.000061
2454958.851326,1.000044
2454958.871760,0.999991
2454958.892194,0.999948
2454958.912629,0.999954
2454958.933064,0.999950
2454958.953498,1.000011
2454958.973933,0.999994
2454958.994367,0.999875
2454959.014801,0.999924
2454959.035236,1.000157
2454959.055670,1.000134
2454959.076105,0.999925
2454959.096540,0.999995
2454959.116974,0.999996
2454959.137408,1.000094
2454959.157842,0.999840
2454959.178277,0.999934
2454959.198712,0.999780
2454959.219146,1.000103
2454959.239581,1.000004
2454959.260014,0.999950
2454959.280449,0.999897
2454959.300883,0.999938
2454959.321318,0.999955
2454959.341753,1.000084
2454959.362187,1.000031
2454959.382621,1.000087
2454959.403055,1.000077
2454959.423490,1.000087
2454959.443925,0.999989
2454959.464359,0.999896
2454959.484794,0.999927
2454959.505227,0.999948
2454959.525662,0.999864
2454959.546096,0.999988
2454959.566531,0.999864
2454959.586966,0.999927
2454959.607401,1.000032
2454959.627834,0.999923
2454959.648268,0.999942
2454959.668703,0.999952
2454959.689138,1.000059
2454959.709573,0.999883
2454959.730007,1.000013
2454959.750441,1.000012
2454959.770875,0.999997
2454959.791310,1.000055
2454959.811744,1.000130
2454959.832179,0.999892
2454959.852614,1.000000
2454959.873048,0.999999
2454959.893482,1.000004
2454959.913916,0.999918
2454959.934351,0.999975
2454959.954786,1.000011
2454959.975220,1.000027
2454959.995655,1.000100
2454960.016088,1.000075
2454960.036523,0.999833
2454960.056958,1.000062
2454960.077392,0.999974
2454960.097827,1.000165
2454960.118261,1.000039
2454960.138695,1.000004
2454960.159130,1.000192
2454960.179564,1.000148
2454960.199999,0.999916
2454960.220434,1.000130
2454960.240868,1.000020
2454960.261301,1.000236
2454960.281736,1.000048
2454960.302171,0.999920
2454960.322605,0.999922
2454960.343040,1.000085
2454960.363474,0.999935
2454960.383908,0.999811
2454960.404343,0.999928
2454960.424777,0.999880
2454960.445212,0.999903
2454960.465647,1.000037
2454960.486081,0.999989
2454960.506516,0.999887
2454960.526949,1.000020
2454960.547384,1.000117
2454960.567819,0.999916
2454960.588253,0.999945
2454960.629122,1.000028
2454960.649556,0.999942
2454960.669991,1.000022
2454960.690425,1.000054
2454960.710860,0.999843
2454960.731294,0.999895
2454960.751729,0.999809
2454960.772162,0.999868
2454960.792597,1.000188
2454960.813032,0.999988
2454960.833466,0.999971
2454960.853901,1.000040
2454960.874335,0.999860
2454960.894769,1.000135
2454960.915204,0.999905
2454960.935638,1.000008
2454960.956073,0.999930
2454960.976507,0.999868
2454960.996942,0.999965
2454961.017376,1.000007
2454961.037810,0.999820
2454961.058245,0.999891
2454961.078680,1.000018
2454961.099114,0.999904
2454961.119548,1.000048
2454961.139982,0.999883
2454961.160417,1.000036
2454961.180851,0.999988
2454961.201286,0.999932
2454961.221721,1.000000
2454961.242155,1.000097
2454961.262590,0.999967
2454961.283023,1.000131
2454961.303458,0.999782
2454961.323893,0.999866
2454961.344327,0.999938
2454961.364762,1.000012
2454961.385196,0.999971
2454961.405630,1.000065
2454961.426065,0.999947
2454961.446499,1.000022
2454961.466934,0.999907
2454961.487368,0.999897
2454961.507803,0.999991
2454961.528237,0.999914
2454961.548671,0.999820
2454961.569106,1.000122
2454961.589541,0.999918
2454961.609975,0.999811
2454961.630409,1.000007
2454961.650843,0.999931
2454961.671278,0.999811
2454961.691713,1.000080
2454961.712147,0.999922
2454961.732581,1.000026
2454961.753016,1.000080
2454961.814319,0.999948
2454961.834754,1.000008
2454961.855188,0.999958
2454961.875622,1.000052
2454961.896057,1.000023
2454961.916491,0.999963
2454961.936926,0.999970
2454961.957360,0.999897
2454961.977794,0.999829
2454961.998229,1.000236
2454962.018664,0.999938
2454962.039098,1.000088
2454962.059532,0.999987
2454962.079967,0.999985
2454962.100401,1.000248
2454962.120836,1.000046
2454962.141271,0.999977
2454962.161704,0.999863
2454962.182139,0.999881
2454962.202573,1.000047
2454962.223007,0.999930
2454962.243443,0.999962
2454962.263877,0.999912
2454962.284311,0.999183
2454962.304745,0.994784
2454962.325180,0.993298
2454962.345614,0.992908
2454962.366049,0.992452
2454962.386484,0.992506
2454962.406917,0.992610
2454962.427352,0.992744
2454962.447786,0.993249
2454962.468221,0.993927
2454962.488656,0.997820
2454962.509090,0.999852
2454962.529524,0.999901
2454962.549958,1.000128
2454962.570393,1.000051
2454962.590828,1.000045
2454962.611262,1.000044
2454962.631697,0.999857
2454962.652130,0.999948
2454962.672565,1.000013
2454962.693000,1.000003
2454962.713434,1.000029
2454962.733869,1.000184
2454962.754303,0.999677
2454962.774738,1.000096
2454962.795172,1.000022
2454962.815607,0.999944
2454962.836041,0.999806
2454962.856475,0.999923
2454962.876910,0.999944
2454962.897344,1.000005
2454962.917779,1.000015
2454962.938213,0.999956
2454962.958647,0.999898
2454962.979082,1.000102
2454962.999516,0.999870
2454963.019951,0.999860
2454963.040385,0.999720
2454963.060820,0.999789
2454963.081254,0.999974
2454963.101688,0.999888
2454963.122123,1.000004
2454963.142557,0.999910
2454963.162992,1.000026
2454963.183426,0.999926
2454963.203861,0.999952
2454963.224295,1.000088
2454963.244729,1.000090
2454964.511666,0.999922
2454964.532100,1.000079
2454964.552535,1.000001
2454964.572969,0.999915
2454964.593404,0.999861
2454964.613838,0.999878
2454964.634272,0.999820
2454964.654707,0.999939
2454964.675141,0.999970
2454964.695576,1.000034
2454964.716010,1.000069
2454964.736445,1.000046
2454964.756879,1.000011
2454964.777313,0.999855
2454964.797748,0.999920
2454964.818182,0.999961
2454964.838617,0.999929
2454964.859051,0.999868
2454964.879486,1.000049
2454964.899920,0.999997
2454964.920355,0.999878
2454964.940789,0.999992
2454964.961223,0.999931
2454964.981658,1.000139
2454965.002092,1.000066
2454965.022527,1.000020
2454965.042961,1.000144
2454965.063396,1.000128
2454965.083830,0.999970
2454965.104264,0.999958
2454965.124699,0.999904
2454965.145133,1.000048
2454965.165568,0.999926
2454965.186002,0.999824
2454965.206437,0.999987
2454965.226871,0.999955
2454965.247305,0.999974
2454965.267740,0.999995
2454965.288174,0.999904
2454965.308609,1.000056
2454965.329043,0.999988
2454965.349478,0.999967
2454965.369912,0.999982
2454965.390346,1.000002
2454965.410781,0.999912
2454965.431215,1.000038
2454965.451650,0.999896
2454965.472084,1.000053
2454965.492519,0.999697
2454965.512953,0.999830
2454965.533387,0.999951
2454965.553822,0.999927
2454965.574256,1.000016
2454965.594691,1.000043
2454965.615125,1.000025
2454965.635560,1.000029
2454965.655994,0.999925
2454965.676429,0.999992
2454965.696863,0.999942
2454965.717297,0.999855
2454965.737732,0.999980
2454965.758166,0.999885
2454965.778601,0.999905
2454965.799035,0.999939
2454965.819470,1.000026
2454965.839904,0.999887
2454965.860338,1.000056
2454965.880773,0.999987
2454965.901207,0.999930
2454965.921642,0.999920
2454965.942076,0.999998
2454965.962511,1.000076
2454965.982945,0.999850
2454966.003380,1.000006
2454966.023814,1.000134
2454966.044248,0.999891
2454966.064683,0.999989
2454966.085117,1.000015
2454966.105552,1.000015
2454966.125986,0.999960
2454966.146421,1.000023
2454966.166855,0.999935
2454966.187289,0.999896
2454966.207724,1.000014
2454966.228158,1.000139
2454966.248593,1.000041
2454966.269027,0.999808
2454966.289462,0.999976
2454966.309896,1.000061
2454966.330330,0.999976
2454966.350765,1.000054
2454966.371199,0.999963
2454966.391634,0.999969
2454966.412068,0.999957
2454966.432503,0.999988
2454966.452937,0.999957
2454966.473371,0.999930
2454966.493806,1.000007
2454966.514240,1.000040
2454966.534675,1.000004
2454966.555109,0.999900
2454966.575544,1.000104
2454966.595978,0.999904
2454966.616413,1.000123
2454966.636847,0.999930
2454966.657282,0.999868
2454966.677716,1.000042
2454966.698150,0.999813
2454966.718585,0.999831
2454966.739019,0.999867
2454966.759454,0.999916
2454966.779888,1.000101
2454966.800322,0.999985
2454966.820757,0.999970
2454966.841191,0.999902
2454966.861626,0.999983
2454966.882060,1.000118
2454966.902495,1.000092
2454966.922929,0.999905
2454966.943364,0.999981
2454966.963798,0.999822
2454966.984232,1.000046
2454967.004667,0.999795
2454967.025101,1.000168
2454967.045536,1.000010
2454967.065970,0.999797
2454967.086405,1.000137
2454967.106839,0.999962
2454967.127273,0.999903
2454967.147708,0.999975
2454967.168142,0.999344
2454967.188577,0.994977
2454967.209011,0.993367
2454967.229446,0.992914
2454967.249880,0.992589
2454967.270314,0.992481
2454967.290749,0.992468
2454967.311183,0.992798
2454967.331618,0.992993
2454967.352052,0.993764
2454967.372487,0.997272
2454967.413356,1.000033
2454967.433790,1.000141
2454967.454224,1.000117
2454967.474659,1.000072
2454967.495093,0.999859
2454967.515528,0.999973
2454967.535962,0.999980
2454967.556396,1.000079
2454967.576831,0.999939
2454967.597265,0.999932
2454967.617700,1.000142
2454967.638134,0.999921
2454967.658569,0.999941
2454967.679003,0.999911
2454967.699438,0.999875
2454967.719872,1.000092
2454967.740307,1.000017
2454967.760741,0.999822
2454967.781175,0.999941
2454967.801610,1.000111
2454967.822044,0.999903
2454967.842479,0.999979
2454967.862913,1.000089
2454967.883348,0.999995
2454967.903782,0.999931
2454967.924216,0.999968
2454967.944651,0.999910
2454967.965085,0.999807
2454967.985520,0.999840
2454968.005954,1.000015
2454968.026389,0.999910
2454968.046823,0.999979
2454968.067257,0.999876
2454968.087692,1.000011
2454968.108126,1.000118
2454968.128561,0.999827
2454968.148995,1.000067
2454968.169430,0.999907
2454968.189864,1.000077
2454968.210298,0.999966
2454968.230733,1.000032
2454968.251167,0.999993
2454968.271602,1.000039
2454968.292036,1.000066
2454968.312471,0.999992
2454968.332905,1.000010
2454968.353339,0.999963
2454968.373774,0.999962
2454968.394208,0.999945
2454968.414643,0.999989
2454968.435077,0.999991
2454968.455512,0.999811
2454968.475946,0.999847
2454968.496381,0.999925
2454968.516815,1.000095
2454968.537249,1.000144
2454968.557684,0.999936
2454968.578118,1.000198
2454968.598553,0.999874
2454968.618987,1.000012
2454968.639422,1.000017
2454968.659856,1.000054
2454968.680291,0.999797
2454968.700725,0.999824
2454968.721159,0.999819
2454968.741594,1.000053
2454968.762028,0.999985
2454968.782463,0.999913
2454968.802897,1.000081
2454968.823332,0.999982
2454968.843766,0.999874
2454968.864200,1.000059
2454968.884635,1.000126
2454968.905069,0.999862
2454968.925504,0.999764
2454968.945938,0.999858
2454968.966373,1.000043
2454968.986807,0.999897
2454969.007241,0.999992
2454969.027676,0.999823
2454969.048110,1.000033
2454969.068545,1.000114
2454969.088979,0.999989
2454969.109414,1.000100
2454969.129848,1.000036
2454969.150282,1.000008
2454969.170717,0.999913
2454969.191151,0.999915
2454969.211586,1.000009
2454969.232020,0.999937
2454969.252455,1.000048
2454969.272889,0.999942
2454969.293323,1.000039
2454969.313758,0.999879
2454969.334192,0.999815
2454969.354627,1.000015
2454969.375061,1.000020
2454969.395496,0.999983
2454969.415930,1.000142
2454969.436365,1.000093
2454969.456799,1.000154
2454969.477233,0.999950
2454969.497668,0.999857
2454969.538537,0.999894
2454969.558971,0.999731
2454969.579406,0.999791
2454969.599840,1.000007
2454969.620274,1.000016
2454969.640709,1.000025
2454969.661143,0.999768
2454969.681578,0.999954
2454969.702012,0.999977
2454969.722447,1.000079
2454969.742881,0.999952
2454969.763316,1.000082
2454969.783750,0.999873
2454969.804184,0.999845
2454969.824619,0.999902
2454969.845053,1.000098
2454969.865488,1.000051
2454969.885922,1.000057
2454969.906357,0.999826
2454969.926791,0.999898
2454969.947225,0.999978
2454969.967660,0.999948
2454969.988094,0.999977
2454970.008529,1.000115
2454970.028963,1.000123
2454970.049398,1.000192
2454970.069832,0.999846
2454970.090266,0.999962
2454970.110701,1.000063
2454970.131135,0.999932
2454970.151570,1.000211
2454970.172004,0.999969
2454970.192439,0.999983
2454970.212873,0.999958
2454970.233308,0.999933
2454970.253742,1.000016
2454970.274176,0.999958
2454970.294611,0.999860
2454970.315045,1.000031
2454970.335480,1.000026
2454970.355914,1.000032
2454970.396783,1.000064
2454970.417217,1.000085
2454970.437652,0.999845
2454970.458086,0.999938
2454970.478521,0.999824
2454970.498955,1.000036
2454970.519390,0.999752
2454970.539824,0.999933
2454970.560259,1.000206
2454970.580693,0.999960
2454970.601127,1.000079
2454970.621562,1.000108
2454970.641996,0.999993
2454970.662431,0.999925
2454970.682865,0.999907
2454970.703300,0.999998
2454970.723734,0.999901
2454970.744168,0.999848
2454970.764603,0.999888
2454970.785037,0.999952
2454970.805472,1.000041
2454970.825906,0.999907
2454970.846341,1.000011
2454970.866775,0.999992
2454970.887209,1.000029
2454970.907644,0.999958
2454970.928078,0.999993
2454970.948513,0.999814
2454970.968947,1.000018
2454970.989382,1.000043
2454971.009816,0.999895
2454971.030250,0.999878
2454971.050685,0.999907
2454971.071119,0.999910
2454971.091554,0.999977
2454971.111988,0.999896
2454971.132423,1.000042
2454971.152857,0.999810
2454971.173291,0.999913
2454971.193726,0.999925
2454971.214160,0.999995
2454971.234595,0.999918
2454971.255029,0.999830
2454971.275464,0.999939
2454971.295898,1.000055
2454971.316333,1.000074
2454971.336767,1.000030
2454971.357202,1.000067
2454971.377636,1.000002
2454971.398070,1.000142
2454971.418505,1.000160
2454971.438939,1.000034
2454971.459374,1.000179
2454971.479808,1.000060
2454971.500243,1.000067
2454971.520677,0.999932
2454971.541111,1.000005
2454971.561546,0.999953
2454971.581980,0.999827
2454971.602415,0.999823
2454971.622849,1.000029
2454971.643284,0.999902
2454971.663718,1.000051
2454971.684152,0.999866
2454971.704587,0.999802
2454971.725021,1.000083
2454971.745456,0.999847
2454971.765890,0.999986
2454971.786325,0.999889
2454971.806759,1.000160
2454971.827193,0.999966
2454971.847628,0.999958
2454971.868062,1.000087
2454971.888497,0.999835
2454971.908931,1.000069
2454971.929366,0.999922
2454971.949800,0.999966
2454971.970234,0.999913
2454971.990669,0.999955
2454972.011103,1.000002
2454972.031538,1.000014
2454972.051972,0.999681
2454972.072407,0.995518
2454972.092841,0.993303
2454972.113276,0.992611
2454972.133710,0.992617
2454972.154144,0.992541
2454972.174579,0.992476
2454972.195013,0.992722
2454972.215448,0.993004
2454972.235882,0.993645
2454972.256317,0.996797
2454972.276751,0.999806
2454972.297185,1.000077
2454972.317620,0.999811
2454972.338054,1.000007
2454972.358489,0.999985
2454972.378923,1.000121
2454972.399358,1.000113
2454972.419792,1.000060
2454972.440227,1.000046
2454972.460661,0.999987
2454972.481095,1.000097
2454972.501530,0.999999
2454972.521964,0.999960
2454972.542399,0.999931
2454972.562833,0.999810
2454972.583268,1.000034
2454972.603702,0.999978
2454972.624136,0.999989
2454972.644571,0.999830
2454972.665005,0.999882
2454972.685440,1.000107
2454972.705874,1.000007
2454972.726309,0.999866
2454972.746743,1.000176
2454972.767177,0.999812
2454972.787612,0.999997
2454972.808046,1.000040
2454972.828481,0.999936
2454972.848915,0.999944
2454972.869350,0.999954
2454972.889784,0.999928
2454972.910218,0.999845
2454972.930653,0.999921
2454972.951087,1.000007
2454972.971522,0.999932
2454972.991956,1.000068
2454973.012391,0.999977
2454973.032825,1.000083
2454973.053260,0.999826
2454973.073694,0.999790
2454973.094128,1.000038
2454973.114563,1.000202
2454973.134997,1.000051
2454973.155432,1.000094
2454973.175866,0.999837
2454973.196301,0.999982
2454973.216735,0.999909
2454973.237169,1.000073
2454973.257604,1.000065
2454973.278038,0.999948
2454973.298473,0.999995
2454973.318907,1.000111
2454973.339342,0.999764
2454973.380210,0.999984
2454973.400645,0.999915
2454973.421079,1.000040
2454973.441514,0.999904
2454973.461948,0.999715
2454973.482383,0.999926
2454973.502817,0.999962
2454973.523251,0.999964
2454973.543686,0.999832
2454973.564120,1.000140
2454973.584555,1.000036
2454973.604989,1.000006
2454973.625424,0.999870
2454973.645858,0.999986
2454973.666292,1.000004
2454973.686727,0.999952
2454973.707161,1.000008
2454973.727596,0.999943
2454973.748030,0.999858
2454973.768465,1.000146
2454973.788899,0.999938
2454973.809334,1.000021
2454973.829768,0.999942
2454973.850203,1.000007
2454973.870637,1.000025
2454973.891071,0.999938
2454973.911506,1.000000
2454973.931940,1.000070
2454973.952375,0.999762
2454973.972809,1.000116
2454973.993243,1.000178
2454974.013678,1.000022
2454974.034112,1.000044
2454974.054547,0.999857
2454974.074981,0.999995
2454974.095416,0.999990
2454974.115850,0.999953
2454974.136285,0.999993
2454974.156719,0.999928
2454974.177153,0.999850
2454974.197588,1.000030
2454974.218022,1.000018
2454974.238457,0.999909
2454974.258891,1.000237
2454974.279326,0.999938
2454974.299760,1.000129
2454974.320194,0.999948
2454974.340629,1.000017
2454974.361063,0.999919
2454974.381498,0.999854
2454974.401932,0.999905
2454974.422367,0.999872
2454974.442801,0.999912
2454974.463235,0.999920
2454974.483670,1.000064
2454974.504104,0.999918
2454974.524539,0.999891
2454974.544973,0.999870
2454974.565408,0.999937
2454974.585842,1.000108
2454974.606277,0.999895
2454974.626711,0.999974
2454974.647145,1.000041
2454974.667580,1.000006
2454974.688014,0.999883
2454974.708449,1.000036
2454974.728883,1.000016
2454974.749318,1.000003
2454974.769752,1.000149
2454974.790186,0.999994
2454974.810621,1.000029
2454974.831055,0.999914
2454974.851490,0.999939
2454974.871924,1.000010
2454974.892359,1.000046
2454974.912793,0.999882
2454974.933228,1.000030
2454974.953662,0.999804
2454974.974096,0.999838
2454974.994531,0.999972
2454975.014965,0.999948
2454975.035400,1.000148
2454975.055834,1.000160
2454975.076269,1.000088
2454975.096703,1.000023
2454975.117137,1.000051
2454975.137572,1.000007
2454975.158006,0.999902
2454975.178441,1.000007
2454975.198875,0.999887
2454975.219310,0.999990
2454975.239744,0.999814
2454975.260178,1.000098
2454975.280613,0.999966
2454975.301047,1.000078
2454975.321482,1.000157
2454975.341916,1.000101
2454975.362351,0.999923
2454975.382785,0.999997
2454975.403219,1.000039
2454975.423654,0.999862
2454975.444088,0.999809
2454975.464523,1.000006
2454975.484957,1.000073
2454975.505392,1.000049
2454975.525826,0.999883
2454975.546261,0.999943
2454975.566695,0.999972
2454975.587129,0.999990
2454975.607564,1.000053
2454975.627998,0.999907
2454975.648433,1.000011
2454975.668867,0.999952
2454975.689302,0.999963
2454975.709736,0.999901
2454975.730170,1.000003
2454975.750605,0.999820
2454975.771039,0.999913
2454975.791474,1.000074
2454975.811908,0.999892
2454975.832343,1.000018
2454975.852777,1.000065
2454975.873212,0.999956
2454975.893646,1.000026
2454975.914080,0.999988
2454975.934515,1.000001
2454975.954949,1.000045
2454975.975384,0.999905
2454975.995818,0.999878
2454976.016253,0.999929
2454976.036687,0.999953
2454976.057121,0.999972
2454976.077556,0.999860
2454976.097990,0.999917
2454976.118425,0.999957
2454976.138859,0.999913
2454976.159294,0.999929
2454976.179728,0.999890
2454976.200162,0.999890
2454976.220597,0.999989
2454976.241031,0.999922
2454976.261466,0.999934
2454976.281900,0.999977
2454976.302335,1.000050
2454976.322769,0.999961
2454976.363638,0.999982
2454976.384072,0.999976
2454976.404507,1.000083
2454976.424941,1.000071
2454976.445376,0.999997
2454976.465810,0.999910
2454976.486244,1.000129
2454976.506679,1.000063
2454976.527113,0.999881
2454976.547548,0.999949
2454976.567982,0.999999
2454976.588417,1.000068
2454976.608851,1.000086
2454976.629286,1.000002
2454976.649720,0.999891
2454976.670155,0.999925
2454976.690589,1.000120
2454976.711023,0.999934
2454976.731458,0.999814
2454976.751892,1.000013
2454976.772327,0.999925
2454976.792761,0.999976
2454976.813195,0.999950
2454976.833630,0.999897
2454976.854064,0.999944
2454976.874499,0.999883
2454976.894933,1.000053
2454976.915368,0.999974
2454976.935802,0.999811
2454976.956237,0.995729
2454976.976671,0.993480
2454976.997105,0.992937
2454977.017540,0.992495
2454977.037974,0.992423
2454977.058409,0.992700
2454977.078843,0.992775
2454977.099278,0.993074
2454977.119712,0.993831
2454977.140146,0.996515
2454977.160581,1.000109
2454977.181015,1.000291
2454977.201450,1.000102
2454977.221884,1.000054
2454977.242319,0.999894
2454977.262753,1.000058
2454977.283187,1.000117
2454977.303622,1.000071
2454977.324056,1.000152
2454977.344491,0.999982
2454977.364925,0.999816
2454977.385360,0.999917
2454977.405794,0.999770
2454977.426229,0.999949
2454977.446663,1.000090
2454977.467097,0.999903
2454977.487532,0.999906
2454977.507966,1.000098
2454977.528401,1.000017
2454977.548835,0.999891
2454977.569270,1.000104
2454977.589704,0.999909
2454977.610138,0.999663
2454977.630573,1.000011
2454977.651007,0.999883
2454977.671442,0.999878
2454977.691876,0.999909
2454977.712311,1.000086
2454977.732745,0.999817
2454977.753180,0.999796
2454977.773614,0.999883
2454977.794048,0.999937
2454977.814483,0.999981
2454977.834917,1.000115
2454977.855352,0.999981
2454977.875786,1.000067
2454977.896220,0.999912
2454977.916655,0.999977
2454977.937089,0.999961
2454977.957524,1.000103
2454977.977958,0.999966
2454977.998393,0.999791
2454978.018827,1.000033
2454978.039262,0.999993
2454978.059696,0.999987
2454978.080130,0.999988
2454978.100565,1.000005
2454978.120999,1.000101
2454978.141434,0.999946
2454978.161868,0.999908
2454978.182303,0.999928
2454978.202737,0.999966
2454978.223172,1.000058
2454978.243606,0.999912
2454978.264040,0.999871
2454978.284475,1.000218
2454978.304909,0.999946
2454978.325344,1.000017
2454978.345778,0.999970
2454978.366213,0.999895
2454978.386647,1.000005
2454978.407081,0.999971
2454978.427516,1.000075
2454978.447950,0.999767
2454978.468385,0.999876
2454978.488819,1.000171
2454978.509254,0.999967
2454978.529688,1.000134
2454978.550122,0.999998
2454978.570557,1.000063
2454978.590991,0.999881
2454978.611426,0.999746
2454978.631860,0.999982
2454978.652295,1.000066
2454978.672729,1.000154
2454978.693163,0.999860
2454978.713598,0.999893
2454978.734032,0.999978
2454978.754467,1.000078
2454978.774901,0.999986
2454978.795336,0.999716
2454978.815770,0.999943
2454978.836204,0.999862
2454978.856639,0.999915
2454978.877073,0.999920
2454978.897508,1.000026
2454978.917942,0.999977
2454978.938377,0.999834
2454978.958811,0.999981
2454978.979245,0.999994
2454978.999680,0.999959
2454979.020114,0.999900
2454979.040549,0.999901
2454979.060983,0.999993
2454979.081418,0.999830
2454979.101852,0.999985
2454979.122287,0.999901
2454979.142721,1.000012
2454979.163155,0.999915
2454979.183590,1.000220
2454979.204024,0.999994
2454979.224459,1.000135
2454979.244893,0.999969
2454979.265328,0.999849
2454979.285762,1.000235
2454979.306197,1.000239
2454979.347065,0.999989
2454979.367500,0.999931
2454979.387934,0.999895
2454979.408369,0.999913
2454979.428803,0.999995
2454979.449238,1.000076
2454979.469672,0.999937
2454979.490106,0.999774
2454979.510541,0.999989
2454979.530975,0.999862
2454979.551410,1.000009
2454979.571844,1.000190
2454979.592279,1.000111
2454979.612713,1.000176
2454979.633147,1.000195
2454979.653582,0.999973
2454979.674016,1.000098
2454979.694451,1.000025
2454979.714885,1.000016
2454979.735320,0.999920
2454979.755754,1.000015
2454979.776188,1.000005
2454979.796623,0.999921
2454979.817057,0.999979
2454979.837492,0.999867
2454979.857926,0.999975
2454979.878361,0.999995
2454979.898795,0.999765
2454979.919230,1.000037
2454979.939664,1.000042
2454979.960098,0.999849
2454979.980533,1.000105
2454980.000967,0.999956
2454980.021402,0.999897
2454980.041836,0.999954
2454980.062271,0.999840
2454980.082705,0.999773
2454980.103139,0.999905
2454980.123574,0.999983
2454980.144008,1.000009
2454980.164443,1.000063
2454980.184877,0.999982
2454980.205312,0.999968
2454980.225746,0.999941
2454980.246181,1.000124
2454980.266615,0.999916
2454980.287049,1.000060
2454980.307484,0.999917
2454980.327918,1.000115
2454980.348353,1.000159
2454980.368787,1.000035
2454980.389222,0.999924
2454980.409656,1.000030
2454980.430090,0.999914
2454980.450525,0.999894
2454980.470959,0.999916
2454980.491394,0.999986
2454980.511828,0.999924
2454980.532263,1.000068
2454980.552697,0.999991
2454980.573131,1.000017
2454980.593566,1.000128
2454980.614000,0.999974
2454980.634435,1.000046
2454980.654869,0.999862
2454980.675304,0.999897
2454980.695738,0.999881
2454980.716172,0.999993
2454980.736607,1.000051
2454980.757041,1.000046
2454980.777476,1.000087
2454980.797910,1.000118
2454980.818345,0.999989
2454980.838779,1.000016
2454980.859213,0.999939
2454980.879648,0.999986
2454980.900082,0.999989
2454980.920517,0.999912
2454980.940951,0.999908
2454980.961386,0.999864
2454980.981820,0.999962
2454981.002255,0.999835
2454981.022689,1.000042
2454981.043124,0.999863
2454981.063558,0.999980
2454981.083992,1.000007
2454981.104427,1.000119
2454981.124861,0.999954
2454981.145296,0.999880
2454981.165730,0.999859
2454981.186164,1.000127
2454981.206599,0.999879
2454981.227033,1.000029
2454981.247468,0.999832
2454981.267902,0.999905
2454981.288337,0.999967
2454981.308771,0.999922
2454981.329206,0.999956
2454981.349640,1.000036
2454981.370074,1.000043
2454981.390509,0.999963
2454981.410943,1.000014
2454981.431378,0.999705
2454981.451812,0.999973
2454981.472247,0.999900
2454981.492681,1.000116
2454981.513115,0.999917
2454981.533550,1.000132
2454981.553984,0.999801
2454981.574419,0.999995
2454981.594853,0.999854
2454981.615288,0.999935
2454981.635722,1.000018
2454981.656156,0.999910
2454981.676591,0.999935
2454981.697025,0.999864
2454981.717460,1.000163
2454981.737894,0.999855
2454981.758329,0.999825
2454981.778763,0.999958
2454981.799198,1.000037
2454981.819632,1.000025
2454981.840066,0.996308
2454981.860501,0.993750
2454981.880935,0.993066
2454981.901370,0.992927
2454981.921804,0.992659
2454981.942239,0.992615
2454981.962673,0.992633
2454981.983107,0.993092
2454982.003542,0.993660
2454982.023976,0.996186
2454982.044411,0.999806
2454982.064845,0.999883
2454982.085280,0.999989
2454982.105714,1.000092
2454982.126149,0.999944
2454982.146583,0.999947
2454982.167017,0.999947
2454982.187452,0.999853
2454982.207886,1.000034
2454982.228321,0.999922
2454982.248755,0.999780
2454982.269190,0.999895
2454982.289624,0.999997
2454982.330493,1.000034
2454982.350927,1.000116
2454982.391796,0.999957
2454982.412231,0.999988
2454982.432665,0.999840
2454982.453099,0.999922
2454982.473534,1.000200
2454982.493968,1.000050
2454982.514403,1.000061
2454982.534837,1.000038
2454982.555272,0.999900
2454982.575706,0.999885
2454982.596140,0.999860
2454982.616575,1.000064
2454982.637009,1.000033
2454982.657444,0.999959
2454982.677878,1.000073
2454982.698313,1.000146
2454982.718747,0.999967
2454982.739182,1.000027
2454982.759616,1.000017
2454982.780050,1.000086
2454982.800485,1.000025
2454982.820919,0.999789
2454982.841354,0.999997
2454982.861788,1.000023
2454982.902657,1.000045
2454982.923091,1.000070
2454982.943526,1.000160
2454982.963960,0.999960
2454982.984395,0.999927
2454983.004829,0.999933
2454983.025264,1.000072
2454983.045698,1.000005
2454983.066133,0.999979
2454983.086567,0.999985
2454983.107001,1.000131
2454983.127436,0.999987
2454983.147870,0.999852
2454983.168305,0.999881
2454983.188739,1.000032
2454983.209174,0.999979
2454983.229608,0.999879
2454983.250042,0.999926
2454983.270477,1.000181
2454983.290911,0.999916
2454983.311346,0.999898
2454983.331780,0.999704
2454983.352214,0.999802
2454983.372649,0.999785
2454983.393083,0.999902
2454983.413518,1.000023
2454983.433952,0.999877
2454983.454387,0.999971
2454983.474821,0.999836
2454983.495256,1.000020
2454983.515690,0.999894
2454983.536125,0.999889
2454983.556559,0.999976
2454983.576993,1.000091
2454983.597428,0.999882
2454983.617862,0.999888
2454983.638297,0.999904
2454983.658731,0.999964
2454983.679165,1.000012
2454983.699600,0.999954
2454983.720034,0.999930
2454983.740469,0.999930
2454983.760903,0.999963
2454983.781338,1.000033
2454983.801772,0.999928
2454983.822207,0.999877
2454983.842641,1.000027
2454983.863076,0.999944
2454983.883510,1.000106
2454983.903944,0.999999
2454983.924379,1.000077
2454983.944813,1.000060
2454983.965248,0.999982
2454983.985682,1.000058
2454984.006116,1.000169
2454984.026551,1.000204
2454984.046985,1.000161
2454984.067420,1.000072
2454984.087854,0.999888
2454984.108289,1.000041
2454984.128723,0.999915
2454984.149157,0.999891
2454984.169592,0.999938
2454984.190026,0.999906
2454984.210461,0.999939
2454984.230895,1.000010
2454984.251330,1.000096
2454984.271764,0.999777
2454984.292199,0.999895
2454984.312633,0.999818
2454984.333067,0.999855
2454984.353502,0.999945
2454984.373936,1.000038
2454984.394371,1.000074
2454984.414805,0.999636
2454984.435240,0.999972
2454984.455674,0.999650
2454984.476108,1.000033
2454984.496543,0.999894
2454984.516977,1.000059
2454984.537412,1.000157
2454984.557846,1.000010
2454984.578281,0.999912
2454984.598715,0.999885
2454984.619150,0.999761
2454984.639584,0.999924
2454984.660018,0.999696
2454984.680453,1.000216
2454984.700887,1.000009
2454984.721322,0.999828
2454984.741756,1.000123
2454984.762191,1.000093
2454984.782625,0.999911
2454984.803059,0.999895
2454984.823494,0.999953
2454984.843928,1.000037
2454984.864363,0.999836
2454984.884797,0.999917
2454984.905232,0.999990
2454984.925666,1.000208
2454984.946100,0.999951
2454984.966535,0.999853
2454984.986969,0.999916
2454985.007404,0.999968
2454985.027838,0.999977
2454985.048273,1.000014
2454985.068707,1.000232
2454985.089141,0.999976
2454985.109576,0.999918
2454985.130010,0.999837
2454985.150445,1.000196
2454985.170879,1.000092
2454985.191314,0.999794
2454985.211748,0.999803
2454985.232183,1.000038
2454985.252617,0.999809
2454985.273051,0.999872
2454985.313920,1.000045
2454985.334355,0.999948
2454985.354789,1.000000
2454985.375224,1.000046
2454985.395658,0.999976
2454985.416092,1.000084
2454985.436527,1.000080
2454985.456961,1.000255
2454985.477396,1.000162
2454985.497830,1.000062
2454985.518265,0.999952
2454985.538699,0.999884
2454985.559134,1.000020
2454985.579568,0.999824
2454985.600002,1.000104
2454985.620437,0.999946
2454985.640871,1.000092
2454985.661306,0.999820
2454985.681740,1.000111
2454985.702175,1.000130
2454985.722609,1.000055
2454985.743043,0.999820
2454985.763478,0.999925
2454985.783912,0.999945
2454985.804347,0.999990
2454985.824781,0.999944
2454985.845216,0.999991
2454985.865650,0.999991
2454985.886084,1.000010
2454985.906519,0.999980
2454985.926953,1.000056
2454985.947388,1.000165
2454985.967822,1.000047
2454985.988257,0.999939
2454986.008691,1.000233
2454986.029125,1.000253
2454986.049560,1.000052
2454986.069994,0.999948
2454986.090429,0.999781
2454986.110863,0.999851
2454986.131298,0.999896
2454986.151732,0.999897
2454986.172166,1.000170
2454986.192601,0.999863
2454986.213035,0.999785
2454986.233470,0.999990
2454986.253904,0.999819
2454986.274339,1.000094
2454986.294773,0.999844
2454986.315208,0.999819
2454986.335642,0.999882
2454986.356076,1.000101
2454986.376511,0.999946
2454986.396945,0.999916
2454986.417380,1.000026
2454986.437814,1.000076
2454986.458249,0.999872
2454986.478683,0.999855
2454986.499118,0.999982
2454986.519552,0.999870
2454986.539986,1.000185
2454986.560421,1.000015
2454986.580855,1.000069
2454986.601290,0.999909
2454986.621724,0.999846
2454986.642159,0.999951
2454986.662593,1.000094
2454986.683027,1.000039
2454986.703462,0.999868
2454986.723896,0.996634
2454986.744331,0.993635
2454986.764765,0.992994
2454986.785200,0.992711
2454986.805634,0.992624
2454986.826068,0.992685
2454986.846503,0.992687
2454986.866937,0.992922
2454986.887372,0.993847
2454986.907806,0.995800
2454986.928241,0.999751
2454986.948675,0.999916
2454986.969109,0.999906
2454986.989544,1.000188
2454987.009978,0.999885
2454987.030413,0.999948
2454987.050847,0.999933
2454987.071282,1.000016
2454987.091716,1.000247
2454987.112151,1.000028
2454987.132585,1.000161
2454987.153019,1.000038
2454987.173454,1.000007
2454987.193888,0.999925
2454987.214323,0.999916
2454987.234757,0.999993
2454987.255192,1.000002
2454987.275626,1.000009
2454987.296060,0.999802
2454987.316495,0.999879
2454987.336929,1.000134
2454987.357364,0.999883
2454987.377798,0.999878
2454987.398233,0.999978
2454987.418667,0.999965
2454987.459536,0.999930
2454987.479970,1.000001
2454987.500405,0.999669
2454987.520839,0.999977
2454987.541274,1.000166
2454987.561708,0.999998
2454987.582143,0.999968
2454987.602577,0.999997
2454987.623011,1.000016
2454987.643446,1.000074
2454987.663880,0.999973
2454987.684315,1.000044
2454987.704749,0.999866
2454987.725184,1.000034
2454987.745618,0.999961
2454987.766052,0.999891
2454987.786487,1.000083
2454987.806921,0.999893
2454987.827356,1.000053
2454987.847790,0.999909
2454987.868225,0.999830
2454987.888659,0.999937
2454987.909094,0.999933
2454987.929528,0.999895
2454987.949962,1.000081
2454987.970397,1.000097
2454987.990831,1.000024
2454988.011266,0.999941
2454988.031700,1.000052
2454988.052135,0.999960
2454988.072569,1.000093
2454988.093003,1.000052
2454988.113438,0.999800
2454988.133872,0.999977
2454988.154307,1.000201
2454988.174741,1.000177
2454988.195176,0.999973
2454988.215610,0.999872
2454988.236044,1.000013
2454988.256479,0.999830
2454988.297348,1.000017
2454988.317782,0.999909
2454988.338217,0.999944
2454988.358651,0.999994
2454988.379085,0.999916
2454988.399520,0.999865
2454988.419954,1.000138
2454988.440389,0.999833
2454988.460823,0.999806
2454988.481258,0.999781
2454988.501692,0.999873
2454988.522126,0.999862
2454988.542561,1.000063
2454988.562995,0.999751
2454988.583430,1.000039
2454988.603864,1.000082
2454988.624299,1.000231
2454988.644733,0.999915
2454988.665168,0.999893
2454988.685602,1.000091
2454988.706036,1.000118
2454988.726471,1.000100
2454988.746905,0.999892
2454988.767340,1.000089
2454988.787774,0.999826
2454988.808209,0.999797
2454988.828643,0.999905
2454988.849077,1.000031
2454988.869512,0.999982
2454988.889946,1.000067
2454988.910381,1.000084
2454988.930815,1.000025
2454988.951250,0.999830
2454988.971684,1.000188
2454988.992119,0.999926
2454989.012553,1.000016
2454989.032987,0.999902
2454989.053422,1.000167
2454989.073856,1.000180
2454989.094291,1.000157
2454989.114725,1.000053
2454989.135160,0.999932
2454989.155594,0.999975
2454989.176028,0.999958
2454989.196463,1.000030
2454989.216897,1.000260
2454989.237332,0.999906
2454989.257766,1.000060
2454989.278201,0.999883
2454989.298635,0.999949
2454989.319069,0.999846
2454989.339504,0.999937
2454989.359938,0.999881
2454989.380373,1.000055
2454989.400807,1.000052
2454989.421242,1.000098
2454989.441676,1.000101
2454989.462110,1.000013
2454989.482545,0.999936
2454989.502979,0.999934
2454989.523414,0.999976
2454989.543848,0.999895
2454989.564283,1.000105
2454989.584717,0.999891
2454989.605152,0.999797
2454989.625586,0.999694
2454989.646020,0.999947
2454989.666455,0.999849
2454989.686889,0.999820
2454989.707324,0.999886
2454989.727758,0.999844
2454989.748193,0.999939
2454989.768627,1.000032
2454989.789061,0.999919
2454989.809496,1.000184
2454989.829930,0.999953
2454989.850365,0.999893
2454989.870799,0.999966
2454989.891234,0.999935
2454989.911668,1.000066
2454989.932103,1.000060
2454989.952537,1.000012
2454989.972971,0.999911
2454989.993406,1.000136
2454990.013840,0.999916
2454990.034275,0.999980
2454990.054709,0.999977
2454990.075144,1.000033
2454990.095578,0.999853
2454990.116012,1.000001
2454990.136447,0.999989
2454990.156881,0.999966
2454990.177316,1.000068
2454990.197750,1.000015
2454990.218185,0.999965
2454990.238619,0.999931
2454990.259053,1.000018
2454990.279488,0.999906
2454990.299922,1.000065
2454990.320357,1.000029
2454990.340791,0.999838
2454990.361226,1.000178
2454990.381660,1.000020
2454990.402095,0.999840
2454990.422529,0.999996
2454990.442963,0.999964
2454990.463398,1.000056
2454990.483832,0.999934
2454990.504267,1.000060
2454990.524701,1.000020
2454990.545135,0.999950
2454990.565570,1.000011
2454990.586004,0.999928
2454990.606439,0.999918
2454990.626873,1.000070
2454990.647308,1.000026
2454990.667742,0.999887
2454990.688177,0.999921
2454990.708611,1.000282
2454990.729046,0.999801
2454990.749480,0.999903
2454990.769914,0.999941
2454990.790349,0.999931
2454990.810783,0.999876
2454990.831218,1.000289
2454990.851652,0.999898
2454990.872086,1.000070
2454990.892521,1.000051
2454990.912955,0.999950
2454990.933390,0.999987
2454990.953824,0.999981
2454990.974259,0.999823
2454990.994693,1.000036
2454991.015128,0.999747
2454991.035562,1.000014
2454991.055996,1.000078
2454991.076431,0.999984
2454991.096865,0.999945
2454991.117300,1.000101
2454991.137734,0.999994
2454991.158169,1.000128
2454991.178603,0.999968
2454991.199037,0.999838
2454991.219472,0.999881
2454991.239906,0.999740
2454991.280775,0.999932
2454991.301210,1.000060
2454991.321644,0.999905
2454991.342078,0.999790
2454991.362513,1.000095
2454991.382947,1.000094
2454991.403382,1.000240
2454991.423816,0.999948
2454991.444251,1.000014
2454991.464685,1.000100
2454991.485120,1.000021
2454991.505554,0.999904
2454991.525988,0.999918
2454991.546423,0.999963
2454991.566857,0.999855
2454991.587292,1.000050
2454991.607726,0.997190
2454991.628161,0.994113
2454991.648595,0.993246
2454991.669030,0.992830
2454991.689464,0.992576
2454991.709898,0.992637
2454991.730333,0.992728
2454991.750767,0.993095
2454991.771202,0.993681
2454991.791636,0.995459
2454991.812071,0.999411
2454991.832505,1.000138
2454991.852939,1.000211
2454991.873374,0.999955
2454991.893808,1.000055
2454991.914243,0.999955
2454991.934677,0.999926
2454991.955112,1.000011
2454991.975546,1.000031
2454991.995980,0.999874
2454992.016415,0.999918
2454992.036849,0.999856
2454992.057284,1.000044
2454992.077718,0.999742
2454992.098153,1.000002
2454992.118587,0.999995
2454992.139021,0.999988
2454992.159456,1.000103
2454992.179890,1.000067
2454992.200325,0.999865
2454992.220759,1.000037
2454992.241194,1.000027
2454992.261628,0.999829
2454992.282062,1.000120
2454992.302497,1.000046
2454992.322931,0.999980
2454992.343366,0.999964
2454992.363800,0.999933
2454992.384235,1.000116
2454992.404669,0.999831
2454992.425104,1.000080
2454992.445538,0.999956
2454992.465972,0.999804
2454992.486407,1.000163
2454992.506841,1.000060
2454992.527276,0.999953
2454992.547710,0.999969
2454992.568145,1.000112
2454992.588579,0.999910
2454992.609013,0.999835
2454992.629448,1.000133
2454992.649882,1.000007
2454992.670317,0.999969
2454992.690751,0.999916
2454992.711186,0.999917
2454992.731620,0.999934
2454992.752054,1.000034
2454992.772489,1.000027
2454992.792923,0.999921
2454992.813358,0.999875
2454992.833792,1.000031
2454992.854227,0.999769
2454992.874661,0.999979
2454992.895095,0.999786
2454992.915530,0.999820
2454992.935964,1.000055
2454992.956399,0.999982
2454992.976833,0.999861
2454992.997268,0.999910
2454993.017702,0.999922
2454993.038137,0.999976
2454993.058571,0.999970
2454993.079005,0.999965
2454993.099440,0.999983
2454993.119874,1.000254
2454993.140309,0.999963
2454993.160743,0.999768
2454993.181178,1.000044
2454993.201612,0.999898
2454993.222047,1.000105
2454993.242481,1.000171
2454993.262915,0.999992
2454993.283350,1.000097
2454993.303784,1.000047
2454993.324219,1.000018
2454993.344653,0.999984
2454993.365088,1.000055
2454993.385522,0.999885
2454993.426391,0.999975
2454993.446825,1.000118
2454993.467260,1.000067
2454993.487694,0.999948
2454993.508129,0.999868
2454993.528563,0.999941
2454993.548997,0.999743
2454993.569432,0.999880
2454993.589866,1.000044
2454993.610301,0.999918
2454993.630735,0.999836
2454993.651170,0.999890
2454993.671604,0.999915
2454993.692038,1.000021
2454993.712473,1.000114
2454993.732907,1.000053
2454993.753342,1.000077
2454993.773776,0.999941
2454993.794211,0.999990
2454993.814645,0.999947
2454993.835079,1.000195
2454993.855514,1.000040
2454993.875948,0.999959
2454993.896383,1.000061
2454993.916817,1.000084
2454993.937252,1.000075
2454993.957686,1.000003
2454993.978121,1.000102
2454993.998555,1.000125
2454994.018989,1.000074
2454994.039424,0.999969
2454994.059858,0.999880
2454994.080293,1.000019
2454994.100727,0.999784
2454994.121162,0.999896
2454994.141596,0.999804
2454994.162030,0.999902
2454994.182465,0.999916
2454994.202899,0.999808
2454994.223334,0.999963
2454994.264203,1.000174
2454994.284637,0.999963
2454994.305072,0.999900
2454994.325506,0.999971
2454994.345940,1.000036
2454994.366375,0.999953
2454994.386809,0.999995
2454994.407244,1.000063
2454994.427678,0.999972
2454994.448113,1.000059
2454994.468547,0.999882
2454994.488981,1.000179
2454994.509416,0.999775
2454994.529850,0.999927
2454994.550285,0.999971
2454994.570719,1.000313
2454994.591154,0.999955
2454994.611588,0.999946
2454994.632022,0.999704
2454994.652457,0.999974
2454994.672891,0.999944
2454994.693326,0.999867
2454994.713760,1.000081
2454994.734195,0.999975
2454994.754629,0.999912
2454994.775064,0.999939
2454994.795498,1.000112
2454994.815932,1.000129
2454994.836367,1.000035
2454994.856801,1.000119
2454994.877236,0.999960
2454994.897670,0.999969
2454994.918105,0.999941
2454994.938539,0.999964
2454994.958973,0.999934
2454994.979408,1.000066
2454994.999842,1.000066
2454995.020277,1.000085
2454995.040711,0.999832
2454995.061146,0.999885
2454995.081580,1.000062
2454995.102015,0.999975
2454995.122449,1.000008
2454995.142883,0.999934
2454995.163318,0.999882
2454995.183752,0.999971
2454995.204187,0.999852
2454995.224621,1.000002
2454995.245056,1.000081
2454995.265490,1.000148
2454995.285924,0.999830
2454995.306359,1.000023
2454995.326793,0.999841
2454995.347228,1.000140
2454995.367662,1.000116
2454995.388097,0.999848
2454995.408531,1.000019
2454995.428965,0.999767
2454995.449400,0.999844
2454995.469834,1.000181
2454995.490269,1.000012
2454995.510703,0.999964
2454995.531137,0.999923
2454995.551571,0.999931
2454995.572006,1.000112
2454995.592440,0.999954
2454995.612875,0.999927
2454995.633309,0.999912
2454995.653744,0.999970
2454995.674178,0.999896
2454995.694613,0.999927
2454995.715047,0.999906
2454995.735481,0.999843
2454995.755916,0.999948
2454995.776350,1.000001
2454995.796785,0.999825
2454995.817219,0.999957
2454995.837654,1.000054
2454995.858088,1.000040
2454995.878522,0.999910
2454995.898957,0.999966
2454995.919391,0.999992
2454995.939826,1.000133
2454995.960260,1.000064
2454995.980695,1.000073
2454996.001129,0.999884
2454996.021563,0.999903
2454996.041998,0.999775
2454996.062432,0.999946
2454996.082867,0.999873
2454996.103301,1.000052
2454996.123736,1.000103
2454996.144170,1.000046
2454996.164604,0.999988
2454996.185039,1.000152
2454996.205473,0.999976
2454996.225908,0.999975
2454996.246342,0.999991
2454996.266777,0.999836
2454996.287211,0.999594
2454996.307646,0.999922
2454996.328080,0.999750
2454996.348514,0.999887
2454996.368949,1.000033
2454996.389383,0.999746
2454996.409818,0.999928
2454996.430252,0.999989
2454996.450686,0.999850
2454996.471121,1.000053
2454996.491555,0.997513
2454996.511990,0.993951
2454996.532424,0.993104
2454996.552859,0.992763
2454996.573293,0.992525
2454996.593728,0.992542
2454996.614162,0.992582
2454996.634597,0.992976
2454996.655031,0.993249
2454996.675465,0.994997
2454996.695900,0.999556
2454996.716334,0.999959
2454996.736769,1.000021
2454996.757203,1.000158
2454996.777638,0.999929
2454996.798072,0.999905
2454996.818506,1.000124
2454996.838941,0.999919
2454996.859375,0.999838
2454996.879810,0.999978
2454996.900244,0.999950
2454996.920679,0.999967
2454996.941113,0.999975
2454996.961547,0.999948
2454996.981982,1.000030
2454997.002416,0.999983
2454997.022851,0.999893
2454997.043285,0.999935
2454997.063720,0.999921
2454997.084154,0.999792
2454997.104589,0.999717
2454997.125023,0.999977
2454997.145457,0.999945
2454997.165892,1.000095
2454997.186326,1.000033
2454997.206761,0.999905
2454997.247629,0.999902
2454997.268064,1.000167
2454997.288498,1.000144
2454997.308933,1.000105
2454997.329367,0.999901
2454997.349802,0.999907
2454997.370236,1.000057
2454997.390671,1.000112
2454997.411105,1.000000
2454997.431539,1.000114
2454997.451974,0.999861
2454997.472408,1.000033
2454997.492843,1.000012
2454997.513277,0.999788
2454997.533712,1.000058
2454997.554146,1.000086
2454997.574580,0.999990
2454997.595015,0.999866
2454997.615449,0.999662
2454997.635884,0.999923
2454997.656318,0.999903
2454997.676753,1.000005
2454997.697187,0.999942
2454997.717622,0.999998
2454997.738056,0.999856
2454997.758490,0.999858
2454997.778925,0.999888
2454997.799359,1.000084
2454997.819794,1.000028
2454997.840228,0.999918
2454997.860663,0.999984
2454997.881097,0.999980
2454997.901531,1.000036
2454997.921966,0.999916
2454997.942400,0.999862
2454997.962835,0.999869
2454997.983269,0.999975
