,HJD,Detr_Norm_Flux
0,2454953.538373,1.00014
1,2454953.558807,1.000083
2,2454953.579242,0.999972
3,2454953.599676,1.0000870000000002
4,2454953.6201110003,1.000077
5,2454953.640545,1.0000280000000001
6,2454953.660979,1.00005
7,2454953.6814139998,1.000075
8,2454953.701848,0.999807
9,2454953.722283,1.000111
10,2454953.7427169997,
11,2454953.763152,0.9999879999999999
12,2454953.783586,1.0002959999999999
13,2454953.80402,
14,2454953.824455,0.999898
15,2454953.844889,0.9999309999999999
16,2454953.8653240004,0.9997590000000001
17,2454953.885758,0.9999389999999999
18,2454953.906193,1.0000120000000001
19,2454953.926627,0.999934
20,2454953.9470619997,0.9999950000000001
21,2454953.9674959998,0.9999969999999999
22,2454953.98793,1.000008
23,2454954.008365,0.9998670000000001
24,2454954.028799,1.0000149999999999
25,2454954.049234,0.999948
26,2454954.069668,0.999928
27,2454954.090103,0.9999120000000001
28,2454954.110537,0.9999450000000001
29,2454954.130971,0.999967
30,2454954.1514060004,0.9998
31,2454954.17184,1.000056
32,2454954.192275,0.9998469999999999
33,2454954.212709,
34,2454954.2331439997,0.999906
35,2454954.253578,0.9999879999999999
36,2454954.274012,0.9999299999999999
37,2454954.294447,0.9998549999999999
38,2454954.314881,1.000103
39,2454954.335316,
40,2454954.35575,
41,2454954.376185,0.9999969999999999
42,2454954.396619,1.000061
43,2454954.417053,
44,2454954.437488,0.999958
45,2454954.457922,1.000139
46,2454954.478357,1.000011
47,2454954.498791,0.999948
48,2454954.5192259997,0.999925
49,2454954.53966,0.999928
50,2454954.560095,
51,2454954.580529,0.999956
52,2454954.600963,1.000058
53,2454954.621398,1.000075
54,2454954.641832,0.999901
55,2454954.662267,1.0000229999999999
56,2454954.6827020003,
57,2454954.703136,0.9998870000000001
58,2454954.72357,0.999959
59,2454954.744004,1.000002
60,2454954.764439,1.00011
61,2454954.784873,0.999899
62,2454954.805308,0.999878
63,2454954.825743,0.999941
64,2454954.846176,0.999958
65,2454954.866611,1.000001
66,2454954.887045,0.9999299999999999
67,2454954.90748,1.000035
68,2454954.9279150004,0.9999969999999999
69,2454954.948349,
70,2454954.968783,0.999871
71,2454954.9892169996,0.9999610000000001
72,2454955.009652,
73,2454955.0300869998,1.000066
74,2454955.050521,1.0001959999999999
75,2454955.070956,0.999835
76,2454955.09139,
77,2454955.1118240003,1.0000129999999998
78,2454955.132259,0.999967
79,2454955.152693,
80,2454955.173128,
81,2454955.193562,0.9999879999999999
82,2454955.213997,
83,2454955.234431,0.9998819999999999
84,2454955.254865,1.000014
85,2454955.2753,1.0000129999999998
86,2454955.295734,0.999815
87,2454955.3161689998,
88,2454955.336603,
89,2454955.357037,0.999878
90,2454955.377472,0.999991
91,2454955.3979060003,
92,2454955.418341,
93,2454955.438775,0.999993
94,2454955.45921,1.000049
95,2454955.479644,1.000107
96,2454955.5000779997,
97,2454955.520513,0.999921
98,2454955.540947,0.999908
99,2454955.561382,
100,2454955.5818169997,
101,2454955.60225,0.999814
102,2454955.622685,1.000057
103,2454955.64312,1.000175
104,2454955.663554,
105,2454955.683989,0.9999290000000001
106,2454955.704423,0.9999370000000001
107,2454955.724857,1.000149
108,2454955.745292,
109,2454955.7657259996,1.0000149999999999
110,2454955.786161,0.9999299999999999
111,2454955.806595,1.000051
112,2454955.82703,
113,2454955.847464,0.999993
114,2454955.867898,
115,2454955.8883330002,1.0000440000000002
116,2454955.908767,0.9999239999999999
117,2454955.929202,0.999842
118,2454955.949636,0.999851
119,2454955.970071,1.000016
120,2454955.990505,1.000033
121,2454956.0109389997,1.000025
122,2454956.031374,1.000045
123,2454956.051809,0.999878
124,2454956.072243,1.000055
125,2454956.0926779998,0.999951
126,2454956.113111,
127,2454956.133546,1.000034
128,2454956.15398,1.0000149999999999
129,2454956.1744150002,0.999883
130,2454956.19485,0.999933
131,2454956.215284,0.999866
132,2454956.235718,0.99995
133,2454956.256153,
134,2454956.276587,1.0001360000000001
135,2454956.297022,
136,2454956.317456,0.999991
137,2454956.337891,1.000178
138,2454956.358324,0.9998950000000001
139,2454956.378759,0.999919
140,2454956.399194,0.999948
141,2454956.419628,1.000062
142,2454956.440063,0.9998739999999999
143,2454956.4604970003,0.9999959999999999
144,2454956.4809310003,1.000049
145,2454956.501366,1.000057
146,2454956.5218,1.000109
147,2454956.542235,0.999956
148,2454956.5626689997,1.000018
149,2454956.583104,
150,2454956.603539,0.9999600000000001
151,2454956.623972,0.9999370000000001
152,2454956.644407,
153,2454956.664841,1.000032
154,2454956.685276,1.000089
155,2454956.705711,
156,2454956.726145,1.000017
157,2454956.7465790003,0.999927
158,2454956.7670130003,1.000057
159,2454956.787448,1.0000879999999999
160,2454956.807883,0.9998360000000001
161,2454956.8283169996,0.999994
162,2454956.848752,1.0000129999999998
163,2454956.8691849997,0.999936
164,2454956.88962,
165,2454956.910055,
166,2454956.930489,1.000083
167,2454956.9509240002,0.9997149999999999
168,2454956.9713580003,0.9997379999999999
169,2454956.991792,0.999957
170,2454957.012226,1.000019
171,2454957.0326610003,
172,2454957.053096,
173,2454957.0735299997,0.99977
174,2454957.093965,0.9999290000000001
175,2454957.114399,0.999862
176,2454957.134833,0.9999819999999999
177,2454957.155268,0.999684
178,2454957.175702,1.0000129999999998
179,2454957.196137,0.999898
180,2454957.216571,
181,2454957.237005,1.000052
182,2454957.2574400003,1.000069
183,2454957.2778740004,1.000058
184,2454957.298309,0.9999969999999999
185,2454957.318744,0.9999540000000001
186,2454957.3391779996,0.999978
187,2454957.3596119997,
188,2454957.380046,
189,2454957.400481,
190,2454957.420916,
191,2454957.44135,
192,2454957.461785,0.993016
193,2454957.482219,0.9926229999999999
194,2454957.502653,0.992553
195,2454957.523087,0.9924299999999999
196,2454957.5435220003,0.9928309999999999
197,2454957.563957,0.993359
198,2454957.584391,0.9941540000000001
199,2454957.604826,0.998072
200,2454957.6252599997,0.999949
201,2454957.6456939997,0.999916
202,2454957.666128,
203,2454957.686563,0.999926
204,2454957.706998,0.9999120000000001
205,2454957.727433,1.000122
206,2454957.747866,1.0000200000000001
207,2454957.768301,
208,2454957.788735,1.000033
209,2454957.8091700003,0.999973
210,2454957.829605,1.000003
211,2454957.850039,0.999977
212,2454957.8704729998,
213,2454957.890907,
214,2454957.9113419997,
215,2454957.9317759997,1.000048
216,2454957.952211,1.0001309999999999
217,2454957.972646,1.000057
218,2454957.993079,0.9999540000000001
219,2454958.013514,0.999994
220,2454958.033948,0.9998819999999999
221,2454958.0543830004,0.999865
222,2454958.074818,0.9999809999999999
223,2454958.0952520003,1.000042
224,2454958.115686,1.000146
225,2454958.13612,0.9998950000000001
226,2454958.1565549998,0.999974
227,2454958.176989,1.000022
228,2454958.197424,1.000069
229,2454958.217859,0.999956
230,2454958.238294,
231,2454958.258727,1.000054
232,2454958.279161,0.9999600000000001
233,2454958.299596,0.999984
234,2454958.3200310003,1.000058
235,2454958.340466,1.000104
236,2454958.3609,1.0000200000000001
237,2454958.381333,1.000114
238,2454958.401768,1.0000069999999999
239,2454958.4222029997,1.000027
240,2454958.442637,0.999978
241,2454958.463072,0.999849
242,2454958.483507,
243,2454958.50394,1.000026
244,2454958.524375,1.000053
245,2454958.544809,0.999916
246,2454958.565244,0.9997659999999999
247,2454958.5856790002,0.999915
248,2454958.6061130003,
249,2454958.626546,
250,2454958.646981,
251,2454958.667416,0.9998940000000001
252,2454958.6878509996,0.9998809999999999
253,2454958.7082849997,0.9999899999999999
254,2454958.72872,0.9998940000000001
255,2454958.749153,0.999927
256,2454958.769588,1.0000069999999999
257,2454958.790022,1.000063
258,2454958.810457,0.99992
259,2454958.830892,1.000061
260,2454958.851326,1.0000440000000002
261,2454958.87176,0.999991
262,2454958.892194,
263,2454958.912629,
264,2454958.9330639997,
265,2454958.953498,1.000011
266,2454958.973933,0.999994
267,2454958.9943669997,0.999875
268,2454959.014801,0.9999239999999999
269,2454959.035236,1.000157
270,2454959.05567,1.000134
271,2454959.076105,0.999925
272,2454959.0965400003,0.9999950000000001
273,2454959.1169740004,0.9999959999999999
274,2454959.137408,1.000094
275,2454959.157842,0.99984
276,2454959.178277,
277,2454959.1987119997,0.9997799999999999
278,2454959.2191459998,1.000103
279,2454959.239581,1.0000040000000001
280,2454959.260014,0.99995
281,2454959.280449,0.9998969999999999
282,2454959.3008830003,0.9999379999999999
283,2454959.321318,
284,2454959.341753,
285,2454959.362187,1.000031
286,2454959.382621,1.0000870000000002
287,2454959.403055,1.000077
288,2454959.42349,1.0000870000000002
289,2454959.443925,0.9999889999999999
290,2454959.464359,0.9998959999999999
291,2454959.4847939997,
292,2454959.505227,
293,2454959.525662,0.999864
294,2454959.546096,0.9999879999999999
295,2454959.566531,0.999864
296,2454959.586966,0.999927
297,2454959.607401,
298,2454959.627834,0.999923
299,2454959.648268,0.999942
300,2454959.668703,0.9999520000000001
301,2454959.689138,
302,2454959.7095729997,0.999883
303,2454959.730007,1.0000129999999998
304,2454959.750441,1.0000120000000001
305,2454959.770875,0.9999969999999999
306,2454959.79131,1.000055
307,2454959.811744,
308,2454959.832179,0.999892
309,2454959.852614,1.0
310,2454959.873048,0.999999
311,2454959.893482,1.0000040000000001
312,2454959.913916,0.9999180000000001
313,2454959.934351,0.999975
314,2454959.954786,1.000011
315,2454959.97522,1.000027
316,2454959.9956549997,1.0001
317,2454960.016088,
318,2454960.036523,0.999833
319,2454960.056958,1.000062
320,2454960.077392,0.999974
321,2454960.097827,1.000165
322,2454960.118261,1.000039
323,2454960.138695,1.0000040000000001
324,2454960.15913,
325,2454960.179564,1.000148
326,2454960.199999,0.999916
327,2454960.220434,
328,2454960.240868,1.0000200000000001
329,2454960.2613009997,
330,2454960.281736,1.000048
331,2454960.302171,
332,2454960.322605,
333,2454960.34304,1.0000850000000001
334,2454960.3634740002,0.999935
335,2454960.3839080003,0.999811
336,2454960.404343,0.999928
337,2454960.424777,0.9998799999999999
338,2454960.445212,0.9999030000000001
339,2454960.4656470004,
340,2454960.486081,
341,2454960.506516,0.9998870000000001
342,2454960.526949,1.0000200000000001
343,2454960.547384,
344,2454960.5678189998,0.999916
345,2454960.588253,0.9999450000000001
346,2454960.629122,1.0000280000000001
347,2454960.6495560003,0.999942
348,2454960.669991,1.000022
349,2454960.690425,
350,2454960.71086,0.999843
351,2454960.731294,0.9998950000000001
352,2454960.751729,0.9998090000000001
353,2454960.7721619997,0.999868
354,2454960.792597,1.0001879999999999
355,2454960.813032,0.9999879999999999
356,2454960.833466,0.9999709999999999
357,2454960.8539009998,1.00004
358,2454960.874335,0.9998600000000001
359,2454960.894769,1.000135
360,2454960.915204,0.9999049999999999
361,2454960.9356380003,1.000008
362,2454960.956073,0.9999299999999999
363,2454960.976507,0.999868
364,2454960.996942,0.999965
365,2454961.017376,1.0000069999999999
366,2454961.0378099997,0.99982
367,2454961.058245,0.999891
368,2454961.07868,1.000018
369,2454961.099114,
370,2454961.119548,1.000048
371,2454961.139982,
372,2454961.160417,1.0000360000000001
373,2454961.180851,0.9999879999999999
374,2454961.201286,
375,2454961.221721,1.0
376,2454961.242155,1.000097
377,2454961.26259,0.999967
378,2454961.2830229998,1.0001309999999999
379,2454961.303458,0.999782
380,2454961.323893,0.999866
381,2454961.344327,0.9999379999999999
382,2454961.364762,
383,2454961.385196,0.9999709999999999
384,2454961.40563,
385,2454961.4260650002,0.9999469999999999
386,2454961.4464990003,1.000022
387,2454961.466934,
388,2454961.487368,
389,2454961.507803,0.999991
390,2454961.528237,
391,2454961.5486709997,
392,2454961.569106,1.000122
393,2454961.589541,0.9999180000000001
394,2454961.609975,0.999811
395,2454961.630409,1.0000069999999999
396,2454961.650843,0.9999309999999999
397,2454961.671278,
398,2454961.691713,
399,2454961.7121470002,0.999922
400,2454961.7325810003,1.000026
401,2454961.753016,1.0000799999999999
402,2454961.8143189996,0.999948
403,2454961.834754,1.000008
404,2454961.855188,0.999958
405,2454961.875622,1.000052
406,2454961.896057,1.0000229999999999
407,2454961.916491,0.9999629999999999
408,2454961.936926,0.99997
409,2454961.95736,0.9998969999999999
410,2454961.977794,0.9998290000000001
411,2454961.9982290003,1.0002360000000001
412,2454962.018664,0.9999379999999999
413,2454962.039098,1.0000879999999999
414,2454962.0595319998,0.9999870000000001
415,2454962.0799669996,0.999985
416,2454962.1004009997,1.000248
417,2454962.120836,1.000046
418,2454962.141271,0.999977
419,2454962.161704,0.999863
420,2454962.182139,
421,2454962.202573,1.000047
422,2454962.223007,0.9999299999999999
423,2454962.243443,
424,2454962.263877,
425,2454962.2843110003,0.999183
426,2454962.304745,0.994784
427,2454962.3251799997,0.9932979999999999
428,2454962.3456139998,0.992908
429,2454962.366049,0.992452
430,2454962.386484,0.992506
431,2454962.4069169997,0.99261
432,2454962.427352,
433,2454962.447786,0.9932489999999999
434,2454962.468221,0.993927
435,2454962.4886560002,0.99782
436,2454962.5090900003,0.9998520000000001
437,2454962.5295240004,0.999901
438,2454962.549958,1.0001280000000001
439,2454962.570393,1.000051
440,2454962.590828,
441,2454962.6112619997,1.0000440000000002
442,2454962.631697,0.999857
443,2454962.65213,0.999948
444,2454962.672565,1.0000129999999998
445,2454962.693,1.000003
446,2454962.713434,1.000029
447,2454962.733869,1.000184
448,2454962.754303,0.999677
449,2454962.7747380002,1.0000959999999999
450,2454962.7951720003,1.000022
451,2454962.815607,0.999944
452,2454962.836041,0.999806
453,2454962.856475,0.999923
454,2454962.8769099996,0.999944
455,2454962.8973439997,1.000005
456,2454962.917779,1.0000149999999999
457,2454962.938213,0.999956
458,2454962.958647,
459,2454962.979082,1.000102
460,2454962.999516,
461,2454963.019951,0.9998600000000001
462,2454963.040385,
463,2454963.0608200002,0.9997889999999999
464,2454963.0812540003,
465,2454963.101688,0.9998879999999999
466,2454963.1221229997,1.0000040000000001
467,2454963.142557,0.9999100000000001
468,2454963.1629919996,1.000026
469,2454963.1834259997,
470,2454963.203861,
471,2454963.224295,1.0000879999999999
472,2454963.244729,
473,2454964.511666,0.999922
474,2454964.5321,
475,2454964.552535,1.000001
476,2454964.572969,0.999915
477,2454964.593404,0.9998610000000001
478,2454964.613838,
479,2454964.6342720003,0.99982
480,2454964.654707,
481,2454964.675141,0.99997
482,2454964.695576,
483,2454964.7160099996,1.000069
484,2454964.736445,
485,2454964.756879,1.000011
486,2454964.777313,0.9998549999999999
487,2454964.797748,0.99992
488,2454964.818182,
489,2454964.838617,
490,2454964.859051,0.999868
491,2454964.879486,1.000049
492,2454964.89992,0.9999969999999999
493,2454964.920355,0.999878
494,2454964.940789,0.999992
495,2454964.9612229997,0.9999309999999999
496,2454964.981658,1.000139
497,2454965.0020919996,1.000066
498,2454965.022527,1.0000200000000001
499,2454965.042961,1.0001440000000001
500,2454965.063396,1.0001280000000001
501,2454965.08383,0.99997
502,2454965.104264,0.999958
503,2454965.1246990003,0.9999040000000001
504,2454965.1451330003,1.000048
505,2454965.165568,0.999926
506,2454965.1860020002,0.9998239999999999
507,2454965.206437,0.9999870000000001
508,2454965.226871,
509,2454965.2473049997,0.999974
510,2454965.26774,0.9999950000000001
511,2454965.288174,0.9999040000000001
512,2454965.308609,1.000056
513,2454965.329043,0.9999879999999999
514,2454965.349478,0.999967
515,2454965.369912,0.9999819999999999
516,2454965.390346,1.000002
517,2454965.4107810003,0.9999120000000001
518,2454965.4312150003,
519,2454965.45165,0.9998959999999999
520,2454965.4720840002,1.000053
521,2454965.492519,0.999697
522,2454965.5129529997,0.9998299999999999
523,2454965.5333869997,0.999951
524,2454965.553822,0.999927
525,2454965.574256,
526,2454965.594691,1.000043
527,2454965.615125,
528,2454965.63556,
529,2454965.655994,0.999925
530,2454965.676429,
531,2454965.6968630003,
532,2454965.7172970003,
533,2454965.737732,0.99998
534,2454965.758166,0.999885
535,2454965.7786009996,0.9999049999999999
536,2454965.7990349997,0.9999389999999999
537,2454965.81947,
538,2454965.839904,0.9998870000000001
539,2454965.860338,1.000056
540,2454965.880773,0.9999870000000001
541,2454965.901207,0.9999299999999999
542,2454965.921642,
543,2454965.942076,
544,2454965.962511,1.000076
545,2454965.9829450003,0.99985
546,2454966.00338,1.000006
547,2454966.0238139997,
548,2454966.044248,0.999891
549,2454966.064683,0.9999889999999999
550,2454966.0851169997,1.0000149999999999
551,2454966.105552,1.0000149999999999
552,2454966.125986,0.9999600000000001
553,2454966.146421,1.0000229999999999
554,2454966.166855,0.999935
555,2454966.187289,0.9998959999999999
556,2454966.2077240003,1.000014
557,2454966.2281580004,1.000139
558,2454966.248593,1.000041
559,2454966.269027,0.999808
560,2454966.2894619997,0.999976
561,2454966.3098959997,
562,2454966.33033,
563,2454966.350765,
564,2454966.371199,0.9999629999999999
565,2454966.391634,0.999969
566,2454966.412068,0.999957
567,2454966.432503,0.9999879999999999
568,2454966.452937,0.999957
569,2454966.473371,0.9999299999999999
570,2454966.4938060003,
571,2454966.51424,1.00004
572,2454966.534675,
573,2454966.555109,0.9999
574,2454966.5755439997,
575,2454966.5959779997,0.9999040000000001
576,2454966.616413,1.0001229999999999
577,2454966.636847,
578,2454966.657282,0.999868
579,2454966.677716,1.000042
580,2454966.69815,
581,2454966.718585,0.9998309999999999
582,2454966.739019,0.9998670000000001
583,2454966.7594540003,0.999916
584,2454966.7798880003,1.0001010000000001
585,2454966.800322,0.999985
586,2454966.820757,0.99997
587,2454966.841191,0.9999020000000001
588,2454966.8616259997,0.999983
589,2454966.8820599997,1.000118
590,2454966.902495,1.000092
591,2454966.922929,
592,2454966.943364,0.9999809999999999
593,2454966.963798,0.999822
594,2454966.984232,1.000046
595,2454967.004667,0.9997950000000001
596,2454967.025101,1.000168
597,2454967.0455360003,1.00001
598,2454967.06597,0.9997969999999999
599,2454967.0864049997,1.000137
600,2454967.106839,0.9999620000000001
601,2454967.127273,0.9999030000000001
602,2454967.147708,
603,2454967.1681419997,
604,2454967.188577,0.994977
605,2454967.209011,0.993367
606,2454967.229446,0.992914
607,2454967.24988,0.9925889999999999
608,2454967.270314,0.992481
609,2454967.2907490004,0.992468
610,2454967.311183,0.992798
611,2454967.331618,0.992993
612,2454967.352052,0.993764
613,2454967.3724869997,
614,2454967.413356,1.000033
615,2454967.43379,
616,2454967.454224,1.000117
617,2454967.474659,1.0000719999999998
618,2454967.495093,0.999859
619,2454967.515528,0.999973
620,2454967.535962,
621,2454967.556396,
622,2454967.576831,0.9999389999999999
623,2454967.597265,0.9999319999999999
624,2454967.6177,1.000142
625,2454967.638134,0.999921
626,2454967.6585689997,0.999941
627,2454967.679003,0.9999110000000001
628,2454967.699438,
629,2454967.719872,
630,2454967.740307,
631,2454967.760741,0.999822
632,2454967.781175,0.999941
633,2454967.80161,1.000111
634,2454967.822044,0.9999030000000001
635,2454967.842479,0.9999790000000001
636,2454967.862913,1.000089
637,2454967.883348,0.9999950000000001
638,2454967.903782,0.9999309999999999
639,2454967.924216,
640,2454967.9446509997,0.9999100000000001
641,2454967.965085,0.999807
642,2454967.98552,0.99984
643,2454968.005954,1.0000149999999999
644,2454968.026389,0.9999100000000001
645,2454968.046823,0.9999790000000001
646,2454968.067257,0.999876
647,2454968.087692,1.000011
648,2454968.108126,1.000118
649,2454968.128561,0.999827
650,2454968.148995,1.000067
651,2454968.16943,0.999907
652,2454968.189864,1.000077
653,2454968.210298,0.999966
654,2454968.230733,
655,2454968.251167,
656,2454968.271602,1.000039
657,2454968.292036,1.000066
658,2454968.312471,0.999992
659,2454968.332905,1.00001
660,2454968.353339,0.9999629999999999
661,2454968.373774,0.9999620000000001
662,2454968.394208,0.9999450000000001
663,2454968.414643,0.9999889999999999
664,2454968.435077,0.999991
665,2454968.455512,0.999811
666,2454968.475946,0.9998469999999999
667,2454968.496381,0.999925
668,2454968.516815,1.0000950000000002
669,2454968.5372490003,1.0001440000000001
670,2454968.557684,0.999936
671,2454968.578118,
672,2454968.598553,0.9998739999999999
673,2454968.618987,
674,2454968.639422,1.000017
675,2454968.659856,1.000054
676,2454968.680291,
677,2454968.700725,0.9998239999999999
678,2454968.721159,0.999819
679,2454968.741594,
680,2454968.762028,0.999985
681,2454968.782463,0.9999129999999999
682,2454968.802897,1.000081
683,2454968.823332,0.9999819999999999
684,2454968.843766,0.9998739999999999
685,2454968.8642,1.000059
686,2454968.884635,1.000126
687,2454968.905069,0.999862
688,2454968.925504,0.999764
689,2454968.945938,0.999858
690,2454968.966373,
691,2454968.986807,
692,2454969.007241,0.999992
693,2454969.027676,0.9998229999999999
694,2454969.04811,1.000033
695,2454969.068545,1.000114
696,2454969.088979,0.9999889999999999
697,2454969.109414,
698,2454969.129848,1.0000360000000001
699,2454969.150282,1.000008
700,2454969.170717,0.9999129999999999
701,2454969.1911509996,0.999915
702,2454969.211586,1.000009
703,2454969.23202,0.9999370000000001
704,2454969.252455,
705,2454969.272889,0.999942
706,2454969.293323,1.000039
707,2454969.3137580003,0.9998790000000001
708,2454969.334192,
709,2454969.354627,1.0000149999999999
710,2454969.375061,1.0000200000000001
711,2454969.395496,0.999983
712,2454969.41593,1.000142
713,2454969.436365,
714,2454969.456799,
715,2454969.477233,0.99995
716,2454969.497668,
717,2454969.538537,0.9998940000000001
718,2454969.558971,0.9997309999999999
719,2454969.579406,0.999791
720,2454969.5998400003,1.0000069999999999
721,2454969.6202740003,1.000016
722,2454969.640709,1.000025
723,2454969.6611430002,0.999768
724,2454969.681578,0.9999540000000001
725,2454969.7020119997,0.999977
726,2454969.722447,
727,2454969.742881,
728,2454969.763316,
729,2454969.78375,0.999873
730,2454969.804184,
731,2454969.824619,0.9999020000000001
732,2454969.845053,1.000098
733,2454969.865488,1.000051
734,2454969.8859220003,1.000057
735,2454969.906357,0.999826
736,2454969.926791,0.999898
737,2454969.947225,0.999978
738,2454969.9676599996,
739,2454969.9880939997,
740,2454970.008529,1.0001149999999999
741,2454970.028963,1.0001229999999999
742,2454970.049398,
743,2454970.069832,0.9998459999999999
744,2454970.090266,0.9999620000000001
745,2454970.110701,1.000063
746,2454970.131135,0.9999319999999999
747,2454970.15157,1.000211
748,2454970.1720040003,0.999969
749,2454970.192439,
750,2454970.212873,0.999958
751,2454970.233308,
752,2454970.2537419996,1.000016
753,2454970.2741759997,0.999958
754,2454970.294611,0.9998600000000001
755,2454970.315045,1.000031
756,2454970.33548,1.000026
757,2454970.355914,1.000032
758,2454970.3967830003,1.0000639999999998
759,2454970.417217,1.0000850000000001
760,2454970.437652,0.9998450000000001
761,2454970.4580860003,0.9999379999999999
762,2454970.478521,0.9998239999999999
763,2454970.4989549997,1.0000360000000001
764,2454970.51939,0.9997520000000001
765,2454970.539824,0.999933
766,2454970.560259,1.000206
767,2454970.580693,0.9999600000000001
768,2454970.601127,1.0000790000000002
769,2454970.621562,1.000108
770,2454970.641996,
771,2454970.6624310003,0.999925
772,2454970.6828650003,
773,2454970.7033,
774,2454970.723734,0.999901
775,2454970.744168,
776,2454970.7646029997,0.9998879999999999
777,2454970.7850369997,0.9999520000000001
778,2454970.805472,
779,2454970.825906,0.999907
780,2454970.846341,1.000011
781,2454970.866775,0.999992
782,2454970.887209,
783,2454970.907644,
784,2454970.928078,0.999993
785,2454970.9485130003,0.999814
786,2454970.9689470003,1.000018
787,2454970.989382,1.000043
788,2454971.009816,0.9998950000000001
789,2454971.03025,0.999878
790,2454971.0506849997,0.999907
791,2454971.0711189997,0.9999100000000001
792,2454971.091554,0.999977
793,2454971.111988,0.9998959999999999
794,2454971.132423,1.000042
795,2454971.152857,0.9998100000000001
796,2454971.173291,0.9999129999999999
797,2454971.193726,0.999925
798,2454971.21416,0.9999950000000001
799,2454971.2345950003,
800,2454971.255029,
801,2454971.2754639997,0.9999389999999999
802,2454971.295898,1.000055
803,2454971.316333,1.000074
804,2454971.3367669997,1.00003
805,2454971.357202,1.000067
806,2454971.377636,1.000002
807,2454971.39807,
808,2454971.418505,1.00016
809,2454971.438939,1.000034
810,2454971.4593740003,1.0001790000000002
811,2454971.4798080004,
812,2454971.500243,
813,2454971.520677,0.9999319999999999
814,2454971.541111,1.000005
815,2454971.5615459997,0.9999530000000001
816,2454971.58198,0.999827
817,2454971.602415,
818,2454971.622849,
819,2454971.643284,0.9999020000000001
820,2454971.663718,1.000051
821,2454971.684152,0.999866
822,2454971.704587,0.9998020000000001
823,2454971.725021,1.000083
824,2454971.7454560003,0.9998469999999999
825,2454971.76589,0.999986
826,2454971.786325,
827,2454971.806759,1.00016
828,2454971.827193,0.999966
829,2454971.8476279997,0.999958
830,2454971.868062,
831,2454971.888497,0.999835
832,2454971.908931,1.000069
833,2454971.929366,0.999922
834,2454971.9498,
835,2454971.970234,0.9999129999999999
836,2454971.990669,0.9999549999999999
837,2454972.011103,
838,2454972.0315380003,1.000014
839,2454972.051972,0.9996809999999999
840,2454972.0724069998,0.995518
841,2454972.092841,0.993303
842,2454972.1132759997,0.992611
843,2454972.1337099997,0.992617
844,2454972.154144,0.992541
845,2454972.174579,0.992476
846,2454972.195013,0.9927219999999999
847,2454972.215448,0.9930040000000001
848,2454972.235882,0.9936450000000001
849,2454972.256317,0.9967969999999999
850,2454972.276751,0.999806
851,2454972.297185,1.000077
852,2454972.31762,
853,2454972.338054,1.0000069999999999
854,2454972.358489,0.999985
855,2454972.378923,1.0001209999999998
856,2454972.399358,1.000113
857,2454972.4197919997,1.00006
858,2454972.440227,1.000046
859,2454972.460661,
860,2454972.481095,1.000097
861,2454972.50153,0.999999
862,2454972.521964,0.9999600000000001
863,2454972.5423990004,0.9999309999999999
864,2454972.562833,0.9998100000000001
865,2454972.583268,1.000034
866,2454972.603702,0.999978
867,2454972.624136,0.9999889999999999
868,2454972.644571,
869,2454972.665005,
870,2454972.68544,1.000107
871,2454972.705874,1.0000069999999999
872,2454972.726309,0.999866
873,2454972.746743,1.000176
874,2454972.767177,0.999812
875,2454972.787612,0.9999969999999999
876,2454972.808046,
877,2454972.828481,0.999936
878,2454972.848915,
879,2454972.86935,0.9999540000000001
880,2454972.889784,0.999928
881,2454972.910218,0.9998450000000001
882,2454972.930653,0.999921
883,2454972.951087,1.0000069999999999
884,2454972.971522,0.9999319999999999
885,2454972.991956,1.000068
886,2454973.012391,0.999977
887,2454973.032825,1.000083
888,2454973.05326,0.999826
889,2454973.073694,
890,2454973.094128,1.000038
891,2454973.114563,1.000202
892,2454973.134997,
893,2454973.155432,1.000094
894,2454973.175866,
895,2454973.1963009997,0.9999819999999999
896,2454973.216735,0.999909
897,2454973.237169,1.000073
898,2454973.257604,1.000065
899,2454973.278038,0.999948
900,2454973.298473,0.9999950000000001
901,2454973.318907,1.000111
902,2454973.339342,
903,2454973.3802099996,
904,2454973.400645,0.999915
905,2454973.421079,1.00004
906,2454973.441514,0.9999040000000001
907,2454973.461948,
908,2454973.482383,0.999926
909,2454973.502817,0.9999620000000001
910,2454973.523251,
911,2454973.543686,0.9998319999999999
912,2454973.56412,1.00014
913,2454973.584555,1.0000360000000001
914,2454973.604989,1.000006
915,2454973.625424,0.99987
916,2454973.645858,0.999986
917,2454973.6662919996,1.0000040000000001
918,2454973.686727,0.9999520000000001
919,2454973.707161,1.000008
920,2454973.727596,0.999943
921,2454973.74803,0.999858
922,2454973.768465,
923,2454973.7888990003,0.9999379999999999
924,2454973.809334,1.0000209999999998
925,2454973.829768,0.999942
926,2454973.850203,1.0000069999999999
927,2454973.870637,1.000025
928,2454973.891071,0.9999379999999999
929,2454973.911506,1.0
930,2454973.93194,1.00007
931,2454973.952375,
932,2454973.972809,
933,2454973.993243,1.000178
934,2454974.013678,1.000022
935,2454974.034112,1.0000440000000002
936,2454974.054547,0.999857
937,2454974.0749810003,0.9999950000000001
938,2454974.095416,0.9999899999999999
939,2454974.11585,0.9999530000000001
940,2454974.136285,0.999993
941,2454974.156719,0.999928
942,2454974.1771529997,0.99985
943,2454974.197588,1.00003
944,2454974.218022,1.000018
945,2454974.238457,0.999909
946,2454974.258891,1.000237
947,2454974.279326,0.9999379999999999
948,2454974.29976,1.000129
949,2454974.320194,0.999948
950,2454974.340629,1.000017
951,2454974.3610630003,0.999919
952,2454974.381498,0.9998540000000001
953,2454974.401932,0.9999049999999999
954,2454974.422367,
955,2454974.4428009996,0.9999120000000001
956,2454974.4632349997,0.99992
957,2454974.48367,1.0000639999999998
958,2454974.504104,0.9999180000000001
959,2454974.524539,0.999891
960,2454974.544973,0.99987
961,2454974.5654080003,0.9999370000000001
962,2454974.585842,1.000108
963,2454974.606277,0.9998950000000001
964,2454974.626711,0.999974
965,2454974.6471450003,
966,2454974.66758,1.000006
967,2454974.6880139997,
968,2454974.708449,1.0000360000000001
969,2454974.728883,1.000016
970,2454974.749318,1.000003
971,2454974.769752,1.000149
972,2454974.790186,0.999994
973,2454974.810621,1.000029
974,2454974.831055,0.999914
975,2454974.8514900003,0.9999389999999999
976,2454974.8719240003,
977,2454974.892359,1.000046
978,2454974.912793,0.9998819999999999
979,2454974.933228,1.00003
980,2454974.9536619997,0.9998040000000001
981,2454974.9740959997,
982,2454974.994531,0.999972
983,2454975.014965,
984,2454975.0354,
985,2454975.055834,1.00016
986,2454975.076269,1.0000879999999999
987,2454975.096703,
988,2454975.117137,1.000051
989,2454975.1375720003,1.0000069999999999
990,2454975.1580060003,0.9999020000000001
991,2454975.178441,1.0000069999999999
992,2454975.198875,0.9998870000000001
993,2454975.21931,0.9999899999999999
994,2454975.2397439997,0.999814
995,2454975.2601779997,
996,2454975.280613,0.999966
997,2454975.301047,1.000078
998,2454975.321482,
999,2454975.341916,
1000,2454975.362351,
1001,2454975.382785,0.9999969999999999
1002,2454975.403219,1.000039
1003,2454975.4236540003,0.999862
1004,2454975.4440880003,0.9998090000000001
1005,2454975.464523,1.000006
1006,2454975.484957,1.000073
1007,2454975.5053919996,1.000049
1008,2454975.5258259997,0.999883
1009,2454975.546261,0.999943
1010,2454975.566695,0.999972
1011,2454975.587129,0.9999899999999999
1012,2454975.607564,
1013,2454975.627998,0.999907
1014,2454975.6484330003,1.000011
1015,2454975.668867,0.9999520000000001
1016,2454975.689302,0.9999629999999999
1017,2454975.7097360003,0.999901
1018,2454975.73017,1.000003
1019,2454975.7506049997,0.99982
1020,2454975.771039,
1021,2454975.791474,1.000074
1022,2454975.811908,0.999892
1023,2454975.832343,1.000018
1024,2454975.852777,
1025,2454975.873212,0.999956
1026,2454975.893646,1.000026
1027,2454975.91408,0.9999879999999999
1028,2454975.9345150003,1.000001
1029,2454975.9549490004,
1030,2454975.975384,
1031,2454975.995818,0.999878
1032,2454976.0162529997,0.9999290000000001
1033,2454976.0366869997,0.9999530000000001
1034,2454976.057121,0.999972
1035,2454976.077556,0.9998600000000001
1036,2454976.09799,0.9999170000000001
1037,2454976.118425,0.999957
1038,2454976.138859,0.9999129999999999
1039,2454976.159294,0.9999290000000001
1040,2454976.179728,
1041,2454976.200162,0.99989
1042,2454976.2205970003,
1043,2454976.241031,0.999922
1044,2454976.2614659998,0.999934
1045,2454976.2819,0.999977
1046,2454976.3023349997,1.00005
1047,2454976.3227689997,0.9999610000000001
1048,2454976.363638,0.9999819999999999
1049,2454976.384072,0.999976
1050,2454976.404507,1.000083
1051,2454976.424941,1.000071
1052,2454976.445376,
1053,2454976.46581,0.9999100000000001
1054,2454976.486244,
1055,2454976.506679,1.000063
1056,2454976.527113,0.9998809999999999
1057,2454976.547548,0.999949
1058,2454976.567982,0.999999
1059,2454976.5884169997,1.000068
1060,2454976.6088509997,1.000086
1061,2454976.629286,1.000002
1062,2454976.64972,0.999891
1063,2454976.670155,0.999925
1064,2454976.690589,1.0001200000000001
1065,2454976.711023,0.999934
1066,2454976.7314580004,0.999814
1067,2454976.751892,1.0000129999999998
1068,2454976.7723270003,0.999925
1069,2454976.792761,0.999976
1070,2454976.813195,0.99995
1071,2454976.83363,0.9998969999999999
1072,2454976.854064,0.999944
1073,2454976.874499,0.999883
1074,2454976.894933,1.000053
1075,2454976.915368,0.999974
1076,2454976.935802,
1077,2454976.956237,0.9957290000000001
1078,2454976.976671,0.9934799999999999
1079,2454976.997105,0.9929370000000001
1080,2454977.0175400004,0.9924950000000001
1081,2454977.037974,0.9924229999999999
1082,2454977.058409,0.9927
1083,2454977.078843,
1084,2454977.0992779997,0.993074
1085,2454977.119712,0.9938309999999999
1086,2454977.140146,0.9965149999999999
1087,2454977.160581,1.000109
1088,2454977.181015,1.000291
1089,2454977.20145,1.000102
1090,2454977.221884,1.000054
1091,2454977.242319,0.9998940000000001
1092,2454977.262753,1.000058
1093,2454977.283187,1.000117
1094,2454977.303622,1.000071
1095,2454977.324056,1.0001520000000002
1096,2454977.344491,0.9999819999999999
1097,2454977.364925,0.999816
1098,2454977.3853599997,
1099,2454977.405794,
1100,2454977.426229,0.999949
1101,2454977.446663,1.00009
1102,2454977.467097,0.9999030000000001
1103,2454977.487532,0.999906
1104,2454977.507966,1.000098
1105,2454977.528401,1.000017
1106,2454977.548835,
1107,2454977.56927,1.000104
1108,2454977.589704,0.999909
1109,2454977.610138,0.999663
1110,2454977.630573,
1111,2454977.651007,0.999883
1112,2454977.6714419997,0.999878
1113,2454977.691876,0.999909
1114,2454977.712311,1.000086
1115,2454977.732745,
1116,2454977.75318,0.9997959999999999
1117,2454977.773614,0.999883
1118,2454977.794048,
1119,2454977.814483,
1120,2454977.834917,1.0001149999999999
1121,2454977.855352,0.9999809999999999
1122,2454977.875786,1.000067
1123,2454977.89622,
1124,2454977.916655,
1125,2454977.937089,
1126,2454977.957524,1.000103
1127,2454977.9779580003,
1128,2454977.998393,0.999791
1129,2454978.018827,1.000033
1130,2454978.039262,0.999993
1131,2454978.059696,0.9999870000000001
1132,2454978.08013,0.9999879999999999
1133,2454978.100565,1.000005
1134,2454978.120999,1.0001010000000001
1135,2454978.141434,0.9999459999999999
1136,2454978.161868,0.999908
1137,2454978.182303,0.999928
1138,2454978.202737,0.999966
1139,2454978.223172,
1140,2454978.243606,0.9999120000000001
1141,2454978.2640400003,0.999871
1142,2454978.284475,
1143,2454978.304909,0.9999459999999999
1144,2454978.325344,1.000017
1145,2454978.345778,0.99997
1146,2454978.366213,0.9998950000000001
1147,2454978.386647,1.000005
1148,2454978.407081,0.9999709999999999
1149,2454978.427516,1.000075
1150,2454978.44795,0.999767
1151,2454978.468385,0.999876
1152,2454978.488819,
1153,2454978.509254,0.999967
1154,2454978.529688,1.000134
1155,2454978.5501220003,
1156,2454978.570557,1.000063
1157,2454978.590991,0.9998809999999999
1158,2454978.611426,0.9997459999999999
1159,2454978.6318599996,0.9999819999999999
1160,2454978.652295,1.000066
1161,2454978.672729,
1162,2454978.693163,0.9998600000000001
1163,2454978.713598,0.999893
1164,2454978.734032,
1165,2454978.754467,1.000078
1166,2454978.774901,0.999986
1167,2454978.795336,0.9997159999999999
1168,2454978.81577,0.999943
1169,2454978.8362040003,0.999862
1170,2454978.856639,0.999915
1171,2454978.877073,0.99992
1172,2454978.897508,1.000026
1173,2454978.9179419996,0.999977
1174,2454978.938377,0.999834
1175,2454978.958811,0.9999809999999999
1176,2454978.979245,0.999994
1177,2454978.99968,0.999959
1178,2454979.020114,0.9999
1179,2454979.0405490003,0.999901
1180,2454979.0609830003,0.999993
1181,2454979.081418,0.9998299999999999
1182,2454979.101852,0.999985
1183,2454979.122287,0.999901
1184,2454979.142721,1.0000120000000001
1185,2454979.1631549997,0.999915
1186,2454979.18359,1.00022
1187,2454979.204024,0.999994
1188,2454979.224459,1.000135
1189,2454979.244893,0.999969
1190,2454979.265328,0.999849
1191,2454979.285762,1.000235
1192,2454979.306197,1.0002389999999999
1193,2454979.3470650003,0.9999889999999999
1194,2454979.3675,0.9999309999999999
1195,2454979.387934,0.9998950000000001
1196,2454979.408369,0.9999129999999999
1197,2454979.4288029997,0.9999950000000001
1198,2454979.449238,1.000076
1199,2454979.469672,0.9999370000000001
1200,2454979.490106,0.9997739999999999
1201,2454979.510541,
1202,2454979.530975,0.999862
1203,2454979.55141,1.000009
1204,2454979.571844,1.00019
1205,2454979.592279,1.000111
1206,2454979.6127130003,1.000176
1207,2454979.6331470003,1.0001950000000002
1208,2454979.653582,0.999973
1209,2454979.674016,1.000098
1210,2454979.6944509996,1.000025
1211,2454979.7148849997,1.000016
1212,2454979.73532,0.99992
1213,2454979.755754,1.0000149999999999
1214,2454979.776188,1.000005
1215,2454979.796623,
1216,2454979.817057,0.9999790000000001
1217,2454979.837492,
1218,2454979.857926,0.999975
1219,2454979.878361,0.9999950000000001
1220,2454979.8987950003,0.999765
1221,2454979.91923,
1222,2454979.9396639997,1.000042
1223,2454979.960098,0.999849
1224,2454979.980533,1.000105
1225,2454980.0009669997,0.999956
1226,2454980.021402,0.9998969999999999
1227,2454980.041836,
1228,2454980.062271,0.99984
1229,2454980.082705,
1230,2454980.103139,0.9999049999999999
1231,2454980.1235740003,0.999983
1232,2454980.1440080004,1.000009
1233,2454980.164443,
1234,2454980.184877,0.9999819999999999
1235,2454980.205312,0.9999680000000001
1236,2454980.2257459997,0.999941
1237,2454980.246181,1.000124
1238,2454980.266615,0.999916
1239,2454980.287049,1.00006
1240,2454980.307484,0.9999170000000001
1241,2454980.327918,1.0001149999999999
1242,2454980.348353,1.000159
1243,2454980.368787,
1244,2454980.3892220003,
1245,2454980.4096560003,1.00003
1246,2454980.43009,0.999914
1247,2454980.450525,0.9998940000000001
1248,2454980.470959,0.999916
1249,2454980.4913939997,0.999986
1250,2454980.5118279997,0.9999239999999999
1251,2454980.532263,1.000068
1252,2454980.552697,0.999991
1253,2454980.573131,1.000017
1254,2454980.593566,1.0001280000000001
1255,2454980.614,0.999974
1256,2454980.634435,1.000046
1257,2454980.654869,0.999862
1258,2454980.6753040003,0.9998969999999999
1259,2454980.6957380003,0.9998809999999999
1260,2454980.716172,0.999993
1261,2454980.7366069998,
1262,2454980.757041,
1263,2454980.7774759997,
1264,2454980.7979099997,1.000118
1265,2454980.818345,0.9999889999999999
1266,2454980.838779,1.000016
1267,2454980.859213,0.9999389999999999
1268,2454980.879648,0.999986
1269,2454980.900082,0.9999889999999999
1270,2454980.920517,0.9999120000000001
1271,2454980.940951,
1272,2454980.9613860003,0.999864
1273,2454980.98182,0.9999620000000001
1274,2454981.0022549997,
1275,2454981.022689,
1276,2454981.043124,0.999863
1277,2454981.063558,0.99998
1278,2454981.0839919997,
1279,2454981.104427,
1280,2454981.124861,0.9999540000000001
1281,2454981.145296,0.9998799999999999
1282,2454981.16573,0.999859
1283,2454981.186164,1.000127
1284,2454981.2065990004,0.9998790000000001
1285,2454981.227033,1.000029
1286,2454981.247468,0.9998319999999999
1287,2454981.267902,0.9999049999999999
1288,2454981.2883369997,
1289,2454981.308771,0.999922
1290,2454981.329206,0.999956
1291,2454981.34964,1.0000360000000001
1292,2454981.370074,1.000043
1293,2454981.390509,0.9999629999999999
1294,2454981.410943,1.000014
1295,2454981.431378,0.999705
1296,2454981.451812,
1297,2454981.4722470003,0.9999
1298,2454981.492681,1.000116
1299,2454981.513115,0.9999170000000001
1300,2454981.53355,1.000132
1301,2454981.553984,0.999801
1302,2454981.5744189997,
1303,2454981.594853,0.9998540000000001
1304,2454981.615288,0.999935
1305,2454981.635722,1.000018
1306,2454981.656156,0.9999100000000001
1307,2454981.676591,0.999935
1308,2454981.697025,0.999864
1309,2454981.71746,1.000163
1310,2454981.737894,
1311,2454981.7583290003,0.999825
1312,2454981.778763,0.999958
1313,2454981.7991979998,1.000037
1314,2454981.819632,1.000025
1315,2454981.840066,0.996308
1316,2454981.8605009997,0.99375
1317,2454981.880935,0.993066
1318,2454981.90137,0.992927
1319,2454981.921804,0.9926590000000001
1320,2454981.942239,0.9926149999999999
1321,2454981.962673,0.992633
1322,2454981.983107,0.993092
1323,2454982.003542,0.99366
1324,2454982.023976,0.996186
1325,2454982.044411,0.999806
1326,2454982.064845,0.999883
1327,2454982.0852799998,0.9999889999999999
1328,2454982.105714,
1329,2454982.126149,
1330,2454982.146583,0.9999469999999999
1331,2454982.167017,
1332,2454982.187452,0.9998530000000001
1333,2454982.207886,1.000034
1334,2454982.228321,0.999922
1335,2454982.248755,0.9997799999999999
1336,2454982.2691900004,0.9998950000000001
1337,2454982.289624,0.9999969999999999
1338,2454982.330493,1.000034
1339,2454982.350927,1.000116
1340,2454982.391796,0.999957
1341,2454982.412231,0.9999879999999999
1342,2454982.432665,0.99984
1343,2454982.4530990003,0.999922
1344,2454982.473534,1.0002
1345,2454982.493968,1.00005
1346,2454982.514403,
1347,2454982.534837,1.000038
1348,2454982.555272,0.9999
1349,2454982.575706,0.999885
1350,2454982.59614,0.9998600000000001
1351,2454982.616575,1.0000639999999998
1352,2454982.637009,1.000033
1353,2454982.657444,0.999959
1354,2454982.677878,1.000073
1355,2454982.698313,1.000146
1356,2454982.718747,0.999967
1357,2454982.739182,1.000027
1358,2454982.759616,1.000017
1359,2454982.78005,1.000086
1360,2454982.800485,1.000025
1361,2454982.820919,0.9997889999999999
1362,2454982.841354,0.9999969999999999
1363,2454982.861788,1.0000229999999999
1364,2454982.902657,
1365,2454982.923091,1.00007
1366,2454982.943526,1.00016
1367,2454982.96396,0.9999600000000001
1368,2454982.984395,0.999927
1369,2454983.004829,0.999933
1370,2454983.025264,1.0000719999999998
1371,2454983.045698,1.000005
1372,2454983.066133,0.9999790000000001
1373,2454983.086567,0.999985
1374,2454983.1070009996,1.0001309999999999
1375,2454983.127436,0.9999870000000001
1376,2454983.14787,0.9998520000000001
1377,2454983.168305,0.9998809999999999
1378,2454983.188739,1.000032
1379,2454983.209174,0.9999790000000001
1380,2454983.2296080003,0.9998790000000001
1381,2454983.250042,0.999926
1382,2454983.270477,1.000181
1383,2454983.290911,0.999916
1384,2454983.311346,0.999898
1385,2454983.33178,0.999704
1386,2454983.3522139997,0.9998020000000001
1387,2454983.372649,0.999785
1388,2454983.393083,0.9999020000000001
1389,2454983.413518,1.0000229999999999
1390,2454983.433952,0.999877
1391,2454983.454387,
1392,2454983.474821,0.9998360000000001
1393,2454983.495256,1.0000200000000001
1394,2454983.5156900003,0.9998940000000001
1395,2454983.536125,0.9998889999999999
1396,2454983.556559,0.999976
1397,2454983.576993,
1398,2454983.597428,0.9998819999999999
1399,2454983.6178619997,0.9998879999999999
1400,2454983.638297,0.9999040000000001
1401,2454983.658731,0.999964
1402,2454983.679165,
1403,2454983.6996,0.9999540000000001
1404,2454983.720034,0.9999299999999999
1405,2454983.740469,
1406,2454983.760903,
1407,2454983.781338,
1408,2454983.8017720003,0.999928
1409,2454983.822207,
1410,2454983.842641,1.000027
1411,2454983.863076,0.999944
1412,2454983.88351,1.000106
1413,2454983.9039439997,0.999999
1414,2454983.924379,1.000077
1415,2454983.944813,1.00006
1416,2454983.965248,
1417,2454983.985682,1.000058
1418,2454984.006116,1.000169
1419,2454984.026551,1.000204
1420,2454984.046985,1.000161
1421,2454984.06742,1.0000719999999998
1422,2454984.0878540003,0.9998879999999999
1423,2454984.108289,
1424,2454984.128723,0.999915
1425,2454984.149157,
1426,2454984.1695919996,0.9999379999999999
1427,2454984.1900259997,0.999906
1428,2454984.210461,0.9999389999999999
1429,2454984.230895,1.00001
1430,2454984.25133,
1431,2454984.271764,0.999777
1432,2454984.2921990003,0.9998950000000001
1433,2454984.3126330003,0.999818
1434,2454984.333067,0.9998549999999999
1435,2454984.353502,0.9999450000000001
1436,2454984.3739360003,
1437,2454984.394371,1.000074
1438,2454984.4148049997,0.9996360000000001
1439,2454984.43524,0.999972
1440,2454984.455674,
1441,2454984.476108,1.000033
1442,2454984.496543,0.9998940000000001
1443,2454984.516977,1.000059
1444,2454984.537412,1.000157
1445,2454984.557846,
1446,2454984.5782810003,0.9999120000000001
1447,2454984.5987150003,0.999885
1448,2454984.61915,0.999761
1449,2454984.639584,0.9999239999999999
1450,2454984.660018,
1451,2454984.6804529997,1.000216
1452,2454984.7008869997,1.000009
1453,2454984.721322,0.999828
1454,2454984.741756,1.0001229999999999
1455,2454984.762191,1.0000930000000001
1456,2454984.782625,0.9999110000000001
1457,2454984.803059,
1458,2454984.823494,0.9999530000000001
1459,2454984.843928,1.000037
1460,2454984.8643630003,0.9998360000000001
1461,2454984.8847970003,
1462,2454984.905232,0.9999899999999999
1463,2454984.9256659998,
1464,2454984.9461,0.999951
1465,2454984.9665349997,0.9998530000000001
1466,2454984.9869689997,0.999916
1467,2454985.007404,0.9999680000000001
1468,2454985.027838,
1469,2454985.048273,1.000014
1470,2454985.068707,1.000232
1471,2454985.089141,
1472,2454985.109576,0.9999180000000001
1473,2454985.13001,0.9998370000000001
1474,2454985.1504450003,1.0001959999999999
1475,2454985.170879,1.000092
1476,2454985.191314,0.9997940000000001
1477,2454985.211748,0.9998030000000001
1478,2454985.232183,1.000038
1479,2454985.2526169997,0.9998090000000001
1480,2454985.2730509997,0.999872
1481,2454985.31392,1.000045
1482,2454985.334355,0.999948
1483,2454985.354789,1.0
1484,2454985.3752240003,1.000046
1485,2454985.3956580004,0.999976
1486,2454985.416092,1.000084
1487,2454985.4365270003,
1488,2454985.456961,1.000255
1489,2454985.4773959997,1.000162
1490,2454985.49783,1.000062
1491,2454985.518265,0.9999520000000001
1492,2454985.538699,0.999884
1493,2454985.559134,1.0000200000000001
1494,2454985.579568,
1495,2454985.600002,
1496,2454985.620437,
1497,2454985.640871,
1498,2454985.6613060003,
1499,2454985.6817400004,1.000111
1500,2454985.702175,1.00013
1501,2454985.722609,1.000055
1502,2454985.743043,0.99982
1503,2454985.7634779997,
1504,2454985.783912,0.9999450000000001
1505,2454985.804347,0.9999899999999999
1506,2454985.824781,0.999944
1507,2454985.845216,0.999991
1508,2454985.86565,0.999991
1509,2454985.886084,1.00001
1510,2454985.906519,0.99998
1511,2454985.926953,1.000056
1512,2454985.9473880003,
1513,2454985.967822,1.000047
1514,2454985.9882569998,0.9999389999999999
1515,2454986.008691,1.000233
1516,2454986.029125,1.000253
1517,2454986.0495599997,
1518,2454986.069994,0.999948
1519,2454986.090429,0.9997809999999999
1520,2454986.110863,0.999851
1521,2454986.131298,0.9998959999999999
1522,2454986.151732,0.9998969999999999
1523,2454986.172166,
1524,2454986.192601,0.999863
1525,2454986.213035,0.999785
1526,2454986.23347,0.9999899999999999
1527,2454986.253904,0.999819
1528,2454986.2743389998,1.000094
1529,2454986.294773,0.9998440000000001
1530,2454986.315208,0.999819
1531,2454986.3356419997,0.9998819999999999
1532,2454986.356076,1.0001010000000001
1533,2454986.376511,0.9999459999999999
1534,2454986.396945,0.999916
1535,2454986.41738,1.000026
1536,2454986.437814,1.000076
1537,2454986.4582490004,0.999872
1538,2454986.478683,0.9998549999999999
1539,2454986.499118,0.9999819999999999
1540,2454986.519552,
1541,2454986.539986,
1542,2454986.560421,1.0000149999999999
1543,2454986.580855,1.000069
1544,2454986.60129,0.999909
1545,2454986.621724,0.9998459999999999
1546,2454986.642159,0.999951
1547,2454986.662593,1.000094
1548,2454986.683027,1.000039
1549,2454986.703462,0.999868
1550,2454986.723896,0.996634
1551,2454986.744331,0.993635
1552,2454986.764765,0.992994
1553,2454986.7852,0.992711
1554,2454986.805634,0.992624
1555,2454986.826068,
1556,2454986.846503,0.9926870000000001
1557,2454986.866937,0.992922
1558,2454986.887372,0.9938469999999999
1559,2454986.907806,
1560,2454986.928241,0.9997510000000001
1561,2454986.948675,0.999916
1562,2454986.969109,0.999906
1563,2454986.989544,1.0001879999999999
1564,2454987.009978,0.999885
1565,2454987.030413,0.999948
1566,2454987.050847,0.999933
1567,2454987.071282,
1568,2454987.091716,1.0002469999999999
1569,2454987.1121509997,
1570,2454987.132585,1.000161
1571,2454987.153019,1.000038
1572,2454987.173454,1.0000069999999999
1573,2454987.193888,0.999925
1574,2454987.214323,0.999916
1575,2454987.234757,0.999993
1576,2454987.255192,1.000002
1577,2454987.275626,1.000009
1578,2454987.2960599996,0.9998020000000001
1579,2454987.316495,0.9998790000000001
1580,2454987.336929,
1581,2454987.357364,0.999883
1582,2454987.377798,0.999878
1583,2454987.398233,0.999978
1584,2454987.418667,0.999965
1585,2454987.459536,0.9999299999999999
1586,2454987.47997,1.000001
1587,2454987.500405,0.999669
1588,2454987.520839,
1589,2454987.541274,1.0001659999999999
1590,2454987.561708,0.9999979999999999
1591,2454987.582143,0.9999680000000001
1592,2454987.602577,0.9999969999999999
1593,2454987.623011,
1594,2454987.643446,1.000074
1595,2454987.66388,0.999973
1596,2454987.684315,1.0000440000000002
1597,2454987.7047490003,0.999866
1598,2454987.725184,
1599,2454987.745618,0.9999610000000001
1600,2454987.766052,
1601,2454987.786487,1.000083
1602,2454987.806921,
1603,2454987.827356,1.000053
1604,2454987.84779,
1605,2454987.868225,0.9998299999999999
1606,2454987.888659,0.9999370000000001
1607,2454987.909094,0.999933
1608,2454987.929528,0.9998950000000001
1609,2454987.949962,1.000081
1610,2454987.970397,1.000097
1611,2454987.9908310003,1.000024
1612,2454988.011266,
1613,2454988.0317,1.000052
1614,2454988.052135,0.9999600000000001
1615,2454988.072569,1.0000930000000001
1616,2454988.0930029997,1.000052
1617,2454988.113438,0.9998
1618,2454988.133872,0.999977
1619,2454988.154307,1.0002010000000001
1620,2454988.174741,1.000177
1621,2454988.195176,0.999973
1622,2454988.21561,
1623,2454988.236044,1.0000129999999998
1624,2454988.256479,0.9998299999999999
1625,2454988.297348,1.000017
1626,2454988.317782,0.999909
1627,2454988.338217,0.999944
1628,2454988.3586509996,0.999994
1629,2454988.3790849997,0.999916
1630,2454988.39952,
1631,2454988.419954,1.000138
1632,2454988.440389,0.999833
1633,2454988.460823,0.999806
1634,2454988.4812580002,0.9997809999999999
1635,2454988.501692,
1636,2454988.522126,0.999862
1637,2454988.542561,
1638,2454988.5629950003,0.9997510000000001
1639,2454988.58343,1.000039
1640,2454988.6038639997,1.000082
1641,2454988.624299,1.0002309999999999
1642,2454988.644733,0.999915
1643,2454988.665168,0.999893
1644,2454988.685602,1.000091
1645,2454988.706036,1.000118
1646,2454988.726471,1.0001
1647,2454988.746905,
1648,2454988.7673400003,1.000089
1649,2454988.7877740003,0.999826
1650,2454988.808209,0.9997969999999999
1651,2454988.828643,0.9999049999999999
1652,2454988.849077,1.000031
1653,2454988.869512,0.9999819999999999
1654,2454988.8899459997,1.000067
1655,2454988.910381,1.000084
1656,2454988.930815,1.000025
1657,2454988.95125,0.9998299999999999
1658,2454988.971684,1.0001879999999999
1659,2454988.992119,0.999926
1660,2454989.012553,1.000016
1661,2454989.032987,
1662,2454989.0534220003,1.000167
1663,2454989.0738560003,
1664,2454989.094291,1.000157
1665,2454989.114725,1.000053
1666,2454989.13516,0.9999319999999999
1667,2454989.1555939997,0.999975
1668,2454989.1760279997,0.999958
1669,2454989.196463,1.00003
1670,2454989.216897,1.00026
1671,2454989.237332,0.999906
1672,2454989.257766,1.00006
1673,2454989.278201,0.999883
1674,2454989.298635,
1675,2454989.319069,0.9998459999999999
1676,2454989.3395040003,0.9999370000000001
1677,2454989.3599380003,0.9998809999999999
1678,2454989.380373,1.000055
1679,2454989.4008069998,1.000052
1680,2454989.4212419996,1.000098
1681,2454989.4416759997,1.0001010000000001
1682,2454989.4621099997,1.0000129999999998
1683,2454989.482545,0.999936
1684,2454989.502979,0.999934
1685,2454989.523414,0.999976
1686,2454989.543848,0.9998950000000001
1687,2454989.5642830003,1.000105
1688,2454989.584717,
1689,2454989.605152,0.9997969999999999
1690,2454989.6255860003,0.9996940000000001
1691,2454989.64602,0.9999469999999999
1692,2454989.6664549997,0.999849
1693,2454989.686889,
1694,2454989.707324,0.999886
1695,2454989.727758,0.9998440000000001
1696,2454989.748193,0.9999389999999999
1697,2454989.768627,1.000032
1698,2454989.789061,0.999919
1699,2454989.809496,1.000184
1700,2454989.82993,0.9999530000000001
1701,2454989.8503650003,0.999893
1702,2454989.8707990004,0.999966
1703,2454989.891234,0.999935
1704,2454989.911668,
1705,2454989.9321029996,1.00006
1706,2454989.9525369997,1.0000120000000001
1707,2454989.972971,
1708,2454989.993406,1.0001360000000001
1709,2454990.01384,0.999916
1710,2454990.034275,
1711,2454990.054709,0.999977
1712,2454990.075144,1.000033
1713,2454990.095578,0.9998530000000001
1714,2454990.116012,1.000001
1715,2454990.1364470003,0.9999889999999999
1716,2454990.156881,0.999966
1717,2454990.1773159998,1.000068
1718,2454990.19775,1.0000149999999999
1719,2454990.2181849997,0.999965
1720,2454990.2386189997,0.9999309999999999
1721,2454990.259053,1.000018
1722,2454990.279488,0.999906
1723,2454990.299922,1.000065
1724,2454990.320357,
1725,2454990.340791,0.9998379999999999
1726,2454990.361226,1.000178
1727,2454990.38166,1.0000200000000001
1728,2454990.4020950003,0.99984
1729,2454990.4225290003,0.9999959999999999
1730,2454990.442963,0.999964
1731,2454990.4633979998,1.000056
1732,2454990.483832,0.999934
1733,2454990.5042669997,
1734,2454990.5247009997,1.0000200000000001
1735,2454990.545135,0.99995
1736,2454990.56557,1.000011
1737,2454990.586004,0.999928
1738,2454990.606439,0.9999180000000001
1739,2454990.626873,1.00007
1740,2454990.6473080004,1.000026
1741,2454990.667742,0.9998870000000001
1742,2454990.6881770003,0.999921
1743,2454990.708611,1.000282
1744,2454990.7290459997,0.999801
1745,2454990.7494799998,0.9999030000000001
1746,2454990.769914,
1747,2454990.790349,0.9999309999999999
1748,2454990.810783,0.999876
1749,2454990.831218,1.000289
1750,2454990.851652,0.999898
1751,2454990.872086,1.00007
1752,2454990.892521,1.000051
1753,2454990.912955,0.99995
1754,2454990.9333900004,0.9999870000000001
1755,2454990.953824,0.9999809999999999
1756,2454990.974259,0.9998229999999999
1757,2454990.994693,1.0000360000000001
1758,2454991.0151279997,0.9997469999999999
1759,2454991.035562,1.000014
1760,2454991.055996,
1761,2454991.076431,0.999984
1762,2454991.096865,0.9999450000000001
1763,2454991.1173,1.0001010000000001
1764,2454991.137734,0.999994
1765,2454991.158169,1.0001280000000001
1766,2454991.178603,0.9999680000000001
1767,2454991.199037,0.9998379999999999
1768,2454991.219472,0.9998809999999999
1769,2454991.239906,
1770,2454991.280775,0.9999319999999999
1771,2454991.3012099997,1.00006
1772,2454991.321644,0.9999049999999999
1773,2454991.342078,0.99979
1774,2454991.362513,1.0000950000000002
1775,2454991.382947,1.000094
1776,2454991.403382,1.00024
1777,2454991.423816,0.999948
1778,2454991.444251,1.000014
1779,2454991.464685,1.0001
1780,2454991.48512,1.0000209999999998
1781,2454991.505554,
1782,2454991.525988,0.9999180000000001
1783,2454991.546423,0.9999629999999999
1784,2454991.566857,
1785,2454991.5872919997,1.00005
1786,2454991.607726,0.9971899999999999
1787,2454991.628161,0.9941129999999999
1788,2454991.648595,0.993246
1789,2454991.66903,0.9928299999999999
1790,2454991.689464,
1791,2454991.709898,0.9926370000000001
1792,2454991.730333,0.992728
1793,2454991.750767,0.9930950000000001
1794,2454991.771202,0.9936809999999999
1795,2454991.791636,0.995459
1796,2454991.8120709998,0.999411
1797,2454991.832505,1.000138
1798,2454991.852939,1.000211
1799,2454991.873374,0.9999549999999999
1800,2454991.8938080003,1.000055
1801,2454991.914243,0.9999549999999999
1802,2454991.934677,
1803,2454991.955112,1.000011
1804,2454991.975546,
1805,2454991.99598,0.9998739999999999
1806,2454992.016415,
1807,2454992.036849,
1808,2454992.057284,1.0000440000000002
1809,2454992.077718,0.999742
1810,2454992.0981529998,1.000002
1811,2454992.118587,0.9999950000000001
1812,2454992.139021,0.9999879999999999
1813,2454992.159456,1.000103
1814,2454992.1798900003,1.000067
1815,2454992.200325,0.999865
1816,2454992.220759,1.000037
1817,2454992.241194,
1818,2454992.261628,
1819,2454992.2820619997,1.0001200000000001
1820,2454992.302497,1.000046
1821,2454992.322931,
1822,2454992.343366,0.999964
1823,2454992.3638,0.999933
1824,2454992.384235,
1825,2454992.404669,
1826,2454992.425104,
1827,2454992.445538,0.999956
1828,2454992.4659720003,
1829,2454992.486407,1.000163
1830,2454992.506841,1.00006
1831,2454992.527276,0.9999530000000001
1832,2454992.54771,0.999969
1833,2454992.568145,1.0001120000000001
1834,2454992.588579,0.9999100000000001
1835,2454992.609013,0.999835
1836,2454992.629448,1.000133
1837,2454992.649882,
1838,2454992.670317,0.999969
1839,2454992.690751,0.999916
1840,2454992.711186,0.9999170000000001
1841,2454992.73162,0.999934
1842,2454992.7520540003,1.000034
1843,2454992.772489,1.000027
1844,2454992.792923,0.999921
1845,2454992.813358,
1846,2454992.8337919996,1.000031
1847,2454992.854227,
1848,2454992.874661,0.9999790000000001
1849,2454992.895095,0.9997860000000001
1850,2454992.91553,0.99982
1851,2454992.935964,
1852,2454992.9563990002,0.9999819999999999
1853,2454992.9768330003,0.9998610000000001
1854,2454992.997268,0.9999100000000001
1855,2454993.017702,0.999922
1856,2454993.038137,0.999976
1857,2454993.058571,0.99997
1858,2454993.0790049997,
1859,2454993.09944,0.999983
1860,2454993.119874,
1861,2454993.140309,
1862,2454993.160743,0.999768
1863,2454993.181178,
1864,2454993.201612,0.999898
1865,2454993.222047,1.000105
1866,2454993.2424810003,1.000171
1867,2454993.2629150003,0.999992
1868,2454993.28335,1.000097
1869,2454993.303784,1.000047
1870,2454993.324219,
1871,2454993.3446529997,0.999984
1872,2454993.365088,1.000055
1873,2454993.385522,0.999885
1874,2454993.426391,0.999975
1875,2454993.446825,1.000118
1876,2454993.46726,1.000067
1877,2454993.487694,0.999948
1878,2454993.508129,
1879,2454993.5285630003,0.999941
1880,2454993.5489970003,0.999743
1881,2454993.569432,0.9998799999999999
1882,2454993.5898659998,1.0000440000000002
1883,2454993.6103009996,
1884,2454993.6307349997,0.9998360000000001
1885,2454993.65117,0.99989
1886,2454993.671604,0.999915
1887,2454993.692038,1.0000209999999998
1888,2454993.712473,
1889,2454993.732907,1.000053
1890,2454993.753342,1.000077
1891,2454993.773776,0.999941
1892,2454993.794211,
1893,2454993.8146450003,0.9999469999999999
1894,2454993.835079,1.0001950000000002
1895,2454993.855514,1.00004
1896,2454993.875948,0.999959
1897,2454993.896383,1.000061
1898,2454993.9168169997,1.000084
1899,2454993.937252,1.000075
1900,2454993.957686,1.000003
1901,2454993.978121,1.000102
1902,2454993.998555,1.000125
1903,2454994.018989,1.000074
1904,2454994.0394240003,
1905,2454994.0598580004,0.9998799999999999
1906,2454994.080293,1.000019
1907,2454994.1007270003,0.999784
1908,2454994.121162,0.9998959999999999
1909,2454994.1415959997,0.9998040000000001
1910,2454994.16203,0.9999020000000001
1911,2454994.182465,
1912,2454994.202899,
1913,2454994.223334,0.9999629999999999
1914,2454994.264203,1.000174
1915,2454994.284637,0.9999629999999999
1916,2454994.3050720003,0.9999
1917,2454994.3255060003,0.9999709999999999
1918,2454994.3459400004,1.0000360000000001
1919,2454994.366375,
1920,2454994.386809,0.9999950000000001
1921,2454994.4072439997,
1922,2454994.4276779997,0.999972
1923,2454994.448113,
1924,2454994.468547,
1925,2454994.488981,
1926,2454994.509416,0.999775
1927,2454994.52985,0.999927
1928,2454994.550285,0.9999709999999999
1929,2454994.570719,
1930,2454994.5911540003,0.9999549999999999
1931,2454994.6115880003,
1932,2454994.632022,0.999704
1933,2454994.6524569998,0.999974
1934,2454994.672891,0.999944
1935,2454994.6933259997,0.9998670000000001
1936,2454994.7137599997,1.000081
1937,2454994.734195,0.999975
1938,2454994.754629,0.9999120000000001
1939,2454994.775064,0.9999389999999999
1940,2454994.795498,1.0001120000000001
1941,2454994.815932,
1942,2454994.836367,1.000035
1943,2454994.856801,1.000119
1944,2454994.8772360003,0.9999600000000001
1945,2454994.89767,0.999969
1946,2454994.9181049997,0.999941
1947,2454994.9385389998,0.999964
1948,2454994.958973,
1949,2454994.979408,1.000066
1950,2454994.9998419997,1.000066
1951,2454995.020277,1.0000850000000001
1952,2454995.040711,0.9998319999999999
1953,2454995.061146,0.999885
1954,2454995.08158,1.000062
1955,2454995.1020150003,0.999975
1956,2454995.1224490004,1.000008
1957,2454995.142883,0.999934
1958,2454995.163318,0.9998819999999999
1959,2454995.183752,0.9999709999999999
1960,2454995.2041869997,0.9998520000000001
1961,2454995.224621,1.000002
1962,2454995.245056,1.000081
1963,2454995.26549,1.000148
1964,2454995.285924,0.9998299999999999
1965,2454995.306359,1.0000229999999999
1966,2454995.326793,
1967,2454995.347228,1.00014
1968,2454995.367662,
1969,2454995.3880970003,0.999848
1970,2454995.408531,
1971,2454995.428965,0.999767
1972,2454995.4494,0.9998440000000001
1973,2454995.469834,1.000181
1974,2454995.4902689997,1.0000120000000001
1975,2454995.510703,
1976,2454995.531137,0.999923
1977,2454995.551571,0.9999309999999999
1978,2454995.572006,1.0001120000000001
1979,2454995.5924400003,
1980,2454995.612875,0.999927
1981,2454995.633309,0.9999120000000001
1982,2454995.653744,
1983,2454995.674178,0.9998959999999999
1984,2454995.694613,0.999927
1985,2454995.715047,
1986,2454995.735481,
1987,2454995.755916,
1988,2454995.77635,1.000001
1989,2454995.796785,0.999825
1990,2454995.817219,0.999957
1991,2454995.837654,1.000054
1992,2454995.858088,1.00004
1993,2454995.8785220003,
1994,2454995.898957,0.999966
1995,2454995.919391,0.999992
1996,2454995.939826,
1997,2454995.96026,1.0000639999999998
1998,2454995.980695,1.000073
1999,2454996.001129,
2000,2454996.021563,0.9999030000000001
2001,2454996.041998,0.999775
2002,2454996.062432,0.9999459999999999
2003,2454996.082867,0.999873
2004,2454996.103301,
2005,2454996.123736,1.000103
2006,2454996.14417,1.000046
2007,2454996.1646040003,
2008,2454996.185039,1.0001520000000002
2009,2454996.205473,0.999976
2010,2454996.225908,0.999975
2011,2454996.2463419996,
2012,2454996.266777,0.9998360000000001
2013,2454996.287211,0.9995940000000001
2014,2454996.307646,0.999922
2015,2454996.32808,0.99975
2016,2454996.348514,0.9998870000000001
2017,2454996.3689490003,1.000033
2018,2454996.3893830003,
2019,2454996.409818,0.999928
2020,2454996.430252,0.9999889999999999
2021,2454996.4506860003,0.99985
2022,2454996.471121,1.000053
2023,2454996.4915549997,
2024,2454996.51199,0.993951
2025,2454996.532424,
2026,2454996.552859,0.992763
2027,2454996.573293,0.992525
2028,2454996.593728,0.992542
2029,2454996.614162,0.992582
2030,2454996.634597,0.992976
2031,2454996.6550310003,0.9932489999999999
2032,2454996.6754650003,0.9949969999999999
2033,2454996.6959,0.999556
2034,2454996.716334,0.999959
2035,2454996.736769,1.0000209999999998
2036,2454996.7572029997,
2037,2454996.777638,0.9999290000000001
2038,2454996.798072,0.9999049999999999
2039,2454996.818506,1.000124
2040,2454996.838941,0.999919
2041,2454996.859375,
2042,2454996.87981,0.999978
2043,2454996.900244,
2044,2454996.920679,0.999967
2045,2454996.9411130003,0.999975
2046,2454996.9615470003,0.999948
2047,2454996.981982,1.00003
2048,2454997.002416,0.999983
2049,2454997.0228509996,0.999893
2050,2454997.0432849997,0.999935
2051,2454997.06372,0.999921
2052,2454997.084154,0.999792
2053,2454997.104589,0.999717
2054,2454997.125023,0.999977
2055,2454997.145457,0.9999450000000001
2056,2454997.165892,1.0000950000000002
2057,2454997.186326,1.000033
2058,2454997.206761,0.9999049999999999
2059,2454997.247629,
2060,2454997.2680639997,1.000167
2061,2454997.288498,1.0001440000000001
2062,2454997.308933,1.000105
2063,2454997.3293669997,
2064,2454997.349802,0.999907
2065,2454997.370236,1.000057
2066,2454997.390671,
2067,2454997.411105,1.0
2068,2454997.431539,1.000114
2069,2454997.4519740003,0.9998610000000001
2070,2454997.4724080004,
2071,2454997.492843,1.0000120000000001
2072,2454997.513277,0.9997879999999999
2073,2454997.533712,1.000058
2074,2454997.5541459997,1.000086
2075,2454997.57458,0.9999899999999999
2076,2454997.595015,0.999866
2077,2454997.615449,0.999662
2078,2454997.635884,0.999923
2079,2454997.656318,0.9999030000000001
2080,2454997.676753,1.000005
2081,2454997.697187,0.999942
2082,2454997.7176220003,
2083,2454997.7380560003,0.999856
2084,2454997.75849,0.999858
2085,2454997.778925,0.9998879999999999
2086,2454997.799359,1.000084
2087,2454997.8197939997,
2088,2454997.8402279997,0.9999180000000001
2089,2454997.860663,0.999984
2090,2454997.881097,0.99998
2091,2454997.901531,1.0000360000000001
2092,2454997.921966,0.999916
2093,2454997.9424,0.999862
2094,2454997.962835,0.999869
2095,2454997.983269,0.999975
